PROVINCIA;HORARIO DEL SERVICIO;DIAS HABILES;RUTA;COSTO;TIPO DE TRANSPORTE;VEHICULOS X RUTA;ORIGEN ;DESTINO;FEDERACION/SINDICATO;TIPO DE LICENCIA;ESTADO;FECHA_ACTUALIZACION
SANTO DOMINGO;5:30 a.m. a 10:30 p.m.;7;C-109;50;CARRO;79;N/A;N/A;ASOCIACIÓN DE DUEÑOS DE CARROS DE SERVICIOS VALIENTE Y ZONAS ALEDAÑAS. (ADECASVAZA);Urbano;N/A;18/7/2025
SANTO DOMINGO;5:30 a.m. a 10:30 p.m.;7;C-83;40;CARRO;41;N/A;N/A;SERVICIOS DE TRANSPORTE SERTRANSMELLA.SRL (SERTRANSMELLA);Urbano;N/A;18/7/2025
SANTO DOMINGO;5:30 a.m. a 10:30 p.m.;7;M-28;50;MICROBUS;44;N/A;N/A;ASOPROCHOVIMG,SRL (APROCHOVIMG);Urbano;N/A;18/7/2025
SANTO DOMINGO;5:30 a.m. a 10:30 p.m.;7;C-99 B;35;CARRO;57;N/A;N/A;COMPAÑIA DE TRANSPORTE COMTRASOLZA,SRL (COMTRASOLZA);Urbano;N/A;18/7/2025
SANTO DOMINGO;5:30 a.m. a 10:30 p.m.;7;C-30;35;CARRO;59;N/A;N/A;ASOCIACIÓN DE CHOFERES DE LA AUTOPISTA DE SAN ISIDRO (ASOCHOASI);Urbano;N/A;18/7/2025
SANTO DOMINGO;5:30 a.m. a 10:30 p.m.;7;C-4;35;CARRO;218;N/A;N/A;ASOCIACIÓN DE CHOFERES DE BUENOS AIRES-KM9 (ASOCHOBA);Urbano;N/A;18/7/2025
SANTO DOMINGO;5:30 a.m. a 10:30 p.m.;7;C-5;50;CARRO;370;N/A;N/A;COMPAÑIA DE TRANSPORTE LA BOLIVAR-INDEPENDENCIA, COMTRABOIN,SRL (COMTRABOIN,SRL);Urbano;N/A;18/7/2025
SANTO DOMINGO;5:30 a.m. a 10:30 p.m.;7;C-25;35;CARRO;321;N/A;N/A;ASOCIACIÓN DE CHOFERES DE LA 25 DE FEBRERO (ASOCHOCAFBERO);Urbano;N/A;18/7/2025
SANTO DOMINGO;5:30 a.m. a 10:30 p.m.;7;C-64;35;CARRO;111;N/A;N/A;ASOCIACIÓN DE CHOFERES DE CARROS ISABELITA FARALLONES RUTA F (ASOCHOCAIFA R-F);Urbano;N/A;18/7/2025
SANTO DOMINGO;5:30 a.m. a 10:30 p.m.;7;C-1;40;CARRO;410;N/A;N/A;ASOCIACIÓN DE CHOFERES DE LA AVENIDA INDEPENDENCIA (ASOCHOCAINDE);Urbano;N/A;18/7/2025
SANTO DOMINGO;5:30 a.m. a 10:30 p.m.;7;C-2;35;CARRO;392;N/A;N/A;ASOCIACIÓN DE CHOFERES DE LA AVENIDA INDEPENDENCIA (ASOCHOCAINDE);Urbano;N/A;18/7/2025
SANTO DOMINGO;5:30 a.m. a 10:30 p.m.;7;M-104;100;MINIBUS;13;N/A;N/A;ASOCIACIÓN DE CHOFERES DUEÑOS DE CARROS Y MINIBUSES INC (ASOCHOCAMPOLINDO);Urbano;N/A;18/7/2025
SANTO DOMINGO;5:30 a.m. a 10:30 p.m.;7;M-98;100;MINIBUS;20;N/A;N/A;ASOCIACIÓN DE CHOFERES DUEÑOS DE CARROS Y MINIBUSES INC. (ASOCHOCAMPOLINDO);Urbano;N/A;18/7/2025
SANTO DOMINGO;5:30 a.m. a 10:30 p.m.;7;C-7;40;CARRO;49;N/A;N/A;ASOCIACIÓN DE CHOFERES DE LA OVANDO, VILLA MELLA Y LA VICTORIA (ASOCHOCAOVIC);Urbano;N/A;18/7/2025
SANTO DOMINGO;5:30 a.m. a 10:30 p.m.;7;C-80;35;CARRO;20;N/A;N/A;COMPAÑIA DE TRANSPORTE (ASOCHOCIA S.R.L.) (ASOCHOCIA);Urbano;N/A;18/7/2025
SANTO DOMINGO;5:30 a.m. a 10:30 p.m.;7;M-16B;40;MICROBUS;20;N/A;N/A;ASOCIACIÓN DE CHOFERES PROPIETARIOS Y COBRADORES VILLA FARO MENDOZA (ASOCHOCOPROVIM);Urbano;N/A;18/7/2025
SANTO DOMINGO;5:30 a.m. a 10:30 p.m.;7;C-32;40;CARRO;223;N/A;N/A;COMPAÑIA DE TRANSPORTE ASOCHOCRUSA S.R.L. (ASOCHOCRUSA);Urbano;N/A;18/7/2025
SANTO DOMINGO;5:30 a.m. a 10:30 p.m.;7;C-47;35;CARRO;67;N/A;N/A;SERVICIOS DE TRANSPORTE SERTRAVIME,SRL (SERTRAVIME, SRL);Urbano;N/A;18/7/2025
SANTO DOMINGO;5:30 a.m. a 10:30 p.m.;7;M-27A;45;MINIBUS;25;N/A;N/A;ASOCIACIÓN DE CHOFERES DE LOS ALCARRIZOS (ASOCHODELA);Urbano;N/A;18/7/2025
SANTO DOMINGO;5:30 a.m. a 10:30 p.m.;7;C-10;35;CARRO;69;N/A;N/A;ASOCIACIÓN DE CHOFERES Y DUEÑOS DE CARROS DE SAN LUIS (ASOCHODUCASAL);Urbano;N/A;18/7/2025
SANTO DOMINGO;5:30 a.m. a 10:30 p.m.;7;C-33;40;CARRO;256;N/A;N/A;ASOCIACIÓN DE CHOFERES DE LOS GIRASOLES-KM9 AUTOPISTA DUARTE (ASOCHOGIRANUEVE);Urbano;N/A;18/7/2025
SANTO DOMINGO;5:30 a.m. a 10:30 p.m.;7;C-67;35;CARRO;137;N/A;N/A;ASOCIACIÓN DE CHOFERES DEL KILÓMETRO CERO (ASOCHOKM0);Urbano;N/A;18/7/2025
SANTO DOMINGO;5:30 a.m. a 10:30 p.m.;7;C-1A;35;CARRO;36;N/A;N/A;ASOCIACIÓN DE CHOFERES DE MANOGUAYABO (ASOCHOMA);Urbano;N/A;18/7/2025
SANTO DOMINGO;5:30 a.m. a 10:30 p.m.;7;C-11;35;CARRO;164;N/A;N/A;ASOCIACIÓN DE CHOFERES DE LA MÁXIMO GÓMEZ (ASOCHOMAXI);Urbano;N/A;18/7/2025
SANTO DOMINGO;5:30 a.m. a 10:30 p.m.;7;C-12;35;CARRO;99;N/A;N/A;ASOCIACIÓN DE CHOFERES DE LOS MAMEYES (ASOCHOMEYES);Urbano;N/A;18/7/2025
SANTO DOMINGO;5:30 a.m. a 10:30 p.m.;7;C-39;35;CARRO;80;N/A;N/A;COMPAÑIA DE TRANSPORTE ASOCHOMINA,SRL (ASOCHOMINA);Urbano;N/A;18/7/2025
SANTO DOMINGO;5:30 a.m. a 10:30 p.m.;7;C-13;35;CARRO;121;N/A;N/A;COMPAÑIA DE TRANSPORTE CONTRADUSAV,SRL (CONTRADUSAV);Urbano;N/A;18/7/2025
SANTO DOMINGO;5:30 a.m. a 11:30 p.m.;7;N/A;35;AUTOBUS;30;N/A;N/A;CORREDOR NUÑEZ DE CACERES (CNC);Urbano;N/A;18/7/2025
SANTO DOMINGO;5:30 a.m. a 11:30 p.m.;7;N/A;35;AUTOBUS;47;N/A;N/A;CORREDOR WINSTON CHURCHILL (CWC);Urbano;N/A;18/7/2025
SANTO DOMINGO;5:30 a.m. a 11:30 p.m.;7;N/A;35;AUTOBUS;94;N/A;N/A;CORREDOR CHARLES DE GAULLE (CCH);Urbano;N/A;18/7/2025
SANTO DOMINGO;5:30 a.m. a 10:30 p.m.;7;C-85;35;CARRO;85;N/A;N/A;COMPAÑIA DE TRANSPORTE URBANA KM.9-PUYA-ZOOLÓGICO SRL. (KM. 9-PUYA-ZOOLOGICO);Urbano;N/A;18/7/2025
SANTO DOMINGO;5:30 a.m. a 10:30 p.m.;7;C-110;35;CARRO;56;N/A;N/A;ASOCIACIÓN DE CHOFERES DEL PARQUE INDEPENDENCIA (ASOCHOPAIN);Urbano;N/A;18/7/2025
SANTO DOMINGO;5:30 a.m. a 10:30 p.m.;7;C-93;35;CARRO;110;N/A;N/A;COMPAÑIA DE TRANSPORTE PEDRO LIVIO CEDEÑO- ARROYO HONDO, SRL (ASOCHOPELICEAH CORR. 93);Urbano;N/A;18/7/2025
SANTO DOMINGO;5:30 a.m. a 10:30 p.m.;7;C-15;40;CARRO;220;N/A;N/A;ASOCIACIÓN DE CHOFERES PINTURA-CAOBA - CRUCE DE MANOGUAYABO (ASOCHOPICMA);Urbano;N/A;18/7/2025
SANTO DOMINGO;5:30 a.m. a 10:30 p.m.;7;C-108;35;CARRO;50;N/A;N/A;ASOCIACIÓN DE CHOFERES PARQUE INDEPENDENCIA-DUARTE-PARÍS (ASOCHOPIDUPA);Urbano;N/A;18/7/2025
SANTO DOMINGO;5:30 a.m. a 10:30 p.m.;7;C-42;35;CARRO;65;N/A;N/A;ASOCIACIÓN DE CHOFERES DE LOS RÍOS  (ASOCHORIOS);Urbano;N/A;18/7/2025
SANTO DOMINGO;5:30 a.m. a 10:30 p.m.;7;M-102;40;MINIBUS;33;N/A;N/A;ASOCIACIÓN DE CHOFERES DE SAN LUIS (ASOCHOSAL);Urbano;N/A;18/7/2025
SANTO DOMINGO;5:30 a.m. a 10:30 p.m.;7;C-17;35;CARRO;63;N/A;N/A;ASOCIACIÓN DE CHOFERES DE SABANA LARGA-LA UREÑA (ASOCHOSAUR);Urbano;N/A;18/7/2025
SANTO DOMINGO;5:30 a.m. a 10:30 p.m.;7;C-76A;35;CARRO;271;N/A;N/A;ASOCIACIÓN CHÓFERES SABANA PERDIDA Y ZONAS ALEDAÑAS (ASOCHOSPEZA);Urbano;N/A;18/7/2025
SANTO DOMINGO;5:30 a.m. a 10:30 p.m.;7;C-77B;35;CARRO;85;N/A;N/A;ASOCIACIÓN CHÓFERES SABANA PERDIDA Y ZONAS ALEDAÑAS (ASOCHOSPEZA);Urbano;N/A;18/7/2025
SANTO DOMINGO;5:30 a.m. a 10:30 p.m.;7;C-35;40;CARRO;464;N/A;N/A;ASOCIACIÓN DE CHOFERES DEL TRANSPORTE DE PASAJEROS DEL KM. 12 DE HERRERA (ASOCHOTRANSPKM12H);Urbano;N/A;18/7/2025
SANTO DOMINGO;5:30 a.m. a 10:30 p.m.;7;C-66;40;CARRO;76;N/A;N/A;ASOCIACIÓN DE CHOFERES DEL KILÓMETRO TRECE (ASOCHOTRECE);Urbano;N/A;18/7/2025
SANTO DOMINGO;5:30 a.m. a 10:30 p.m.;7;C-19;35;CARRO;99;N/A;N/A;ASOCIACIÓN DE CHOFERES UNIFICADOS DE LA BARTOLOMÉ COLÓN-DR. DELGADO (ASOCHOU);Urbano;N/A;18/7/2025
SANTO DOMINGO;5:30 a.m. a 10:30 p.m.;7;C-26;35;CARRO;156;N/A;N/A;ASOCIACIÓN DE CHOFERES DE VILLA JUANA Y VILLA CONSUELO (ASOCHOVIJUCO);Urbano;N/A;18/7/2025
SANTO DOMINGO;5:30 a.m. a 10:30 p.m.;7;C-2E;35;CARRO;388;N/A;N/A;ASOCIACIÓN DE CHOFERES DE VILLA MELLA (ASOCHOVIM 002E(RC));Urbano;N/A;18/7/2025
SANTO DOMINGO;5:30 a.m. a 10:30 p.m.;7;M-2E;45;MINIBUS;67;N/A;N/A;ASOCIACIÓN DE CHOFERES DE VILLA MELLA (ASOCHOVIM 002E(RM));Urbano;N/A;18/7/2025
SANTO DOMINGO;5:30 a.m. a 10:30 p.m.;7;C-95;35;CARRO;314;N/A;N/A;ASOCIACIÓN DE DUEÑOS Y CHOFERES MERCADO NUEVO-DUARTE (ASODUCHOMENUDU);Urbano;N/A;18/7/2025
SANTO DOMINGO;5:30 a.m. a 10:30 p.m.;7;M-27;40;MINIBUS;30;N/A;N/A;COMPAÑIA DE TRANSPORTE ASOPROCAESA,SRL (ASOPROCAESA);Urbano;N/A;18/7/2025
SANTO DOMINGO;5:30 a.m. a 10:30 p.m.;7;C-96 C;35;CARRO;91;N/A;N/A;ASOCIACIÓN DE PROPIETARIOS DE CARROS RIVERA DEL OZAMA (ASOPROCARO);Urbano;N/A;18/7/2025
SANTO DOMINGO;5:30 a.m. a 10:30 p.m.;7;C-28;35;CARRO;663;N/A;N/A;ASOCIACIÓN DE CHOFERES PROPIETARIOS DE CARROS DE LA 27 DE FEBRERO (ASOPROCAVEFE);Urbano;N/A;18/7/2025
SANTO DOMINGO;5:30 a.m. a 10:30 p.m.;7;A-20A;45;AUTOBUS;14;N/A;N/A;ASOCIACIÓN DE PROPIETARIOS Y COBRADORES DE INVIVIENDA SANTO DOMINGO (ASOPROCHOCOIN);Urbano;N/A;18/7/2025
SANTO DOMINGO;5:30 a.m. a 10:30 p.m.;7;A-20B;45;AUTOBUS;26;N/A;N/A;ASOCIACIÓN DE PROPIETARIOS Y COBRADORES DE INVIVIENDA SANTO DOMINGO (ASOPROCHOCOIN);Urbano;N/A;18/7/2025
SANTO DOMINGO;5:30 a.m. a 10:30 p.m.;7;M-39;40;MICROBUS;36;N/A;N/A;ASOCIACIÓN DE PROPIETARIOS DE GUAGUA DE CANCINO ADENTRO (ASOPROGUACADE);Urbano;N/A;18/7/2025
SANTO DOMINGO;5:30 a.m. a 10:30 p.m.;7;M-9-12;40;MICROBUS;62;N/A;N/A;ASOCIACIÓN DE PROPIETARIOS DE MINIBUSES DE HERRERA (ASOPROMIHE);Urbano;N/A;18/7/2025
SANTO DOMINGO;5:30 a.m. a 10:30 p.m.;7;M-94;40;MICROBUS;54;N/A;N/A;EMPRESAS DE MINIBUSES DE LA JACOBO MAJLUTA-KM.13, ASOPROMIJA,SRL (ASOPROMIJA);Urbano;N/A;18/7/2025
SANTO DOMINGO;5:30 a.m. a 10:30 p.m.;7;M-96A;40;MINIBUS;5;N/A;N/A;COMPAÑIA DE TRANSPORTE COMTRASTAR,SRL (COMTRASTAR);Urbano;N/A;18/7/2025
SANTO DOMINGO;5:30 a.m. a 10:30 p.m.;7;M-96B;40;MINIBUS;11;N/A;N/A; ASOCIACIÓN DE CHOFERES PROPIETARIOS DE MINIBUSES RIVERAS DEL OZAMA (ASOPROMIRO);Urbano;N/A;18/7/2025
SANTO DOMINGO;5:30 a.m. a 10:30 p.m.;7;M-7;40;MINIBUS;35;N/A;N/A;ASOCIACIÓN DE PROPIETARIOS DE MINIBUSES KM. 9-UASD (ASOPROMIUASD);Urbano;N/A;18/7/2025
SANTO DOMINGO;5:30 a.m. a 10:30 p.m.;7;M-5C (Inactiva);35;CARRO;13;N/A;N/A;ASOTRADUFI R-5C (ASOTRADUFI);Urbano;N/A;18/7/2025
SANTO DOMINGO;5:30 a.m. a 10:30 p.m.;7;C-101 E;40;CARRO;150;N/A;N/A;ASOCIACIÓN DE TRANSPORTISTAS DE PASAJEROS (ASOTRAPA);Urbano;N/A;18/7/2025
SANTO DOMINGO;5:30 a.m. a 10:30 p.m.;7;M-101A;40;MINIBUS;8;N/A;N/A;ASOCIÓN DE TRANSPORTISTAS DE PASAJEROS (ASOTRAPA);Urbano;N/A;18/7/2025
SANTO DOMINGO;5:30 a.m. a 10:30 p.m.;7;M-101B;40;MINIBUS;27;N/A;N/A;ASOCIÓN DE TRANSPORTISTAS DE PASAJEROS (ASOTRAPA);Urbano;N/A;18/7/2025
SANTO DOMINGO;5:30 a.m. a 10:30 p.m.;7;M-101C;45;MINIBUS;122;N/A;N/A;ASOCIÓN DE TRANSPORTISTAS DE PASAJEROS (ASOTRAPA);Urbano;N/A;18/7/2025
SANTO DOMINGO;5:30 a.m. a 10:30 p.m.;7;M-101D;40;MINIBUS;5;N/A;N/A;ASOCIÓN DE TRANSPORTISTAS DE PASAJEROS (ASOTRAPA);Urbano;N/A;18/7/2025
SANTO DOMINGO;5:30 a.m. a 10:30 p.m.;7;A-31 (Inactiva);35;AUTOBUS;38;N/A;N/A;CARIBE TOURS (CARIBE TOURS);Urbano;N/A;18/7/2025
SANTO DOMINGO;5:30 a.m. a 10:30 p.m.;7;C-69;35;CARRO;16;N/A;N/A;COMPAÑIA DE CHOFERES NOCTURNOS LOS RÍOS (COMCHONORIOS);Urbano;N/A;18/7/2025
SANTO DOMINGO;5:30 a.m. a 10:30 p.m.;7;C-3;35;CARRO;56;N/A;N/A;COMPAÑIA DE TRANSPORTE ADOCHOUDIS (ADOCHOUDIS);Urbano;N/A;18/7/2025
SANTO DOMINGO;5:30 a.m. a 10:30 p.m.;7;C-53;40;CARRO;181;N/A;N/A;COMPAÑIA DE TRANSPORTE COMTRAPROCHOAL, S.R.L. (COMTRAPROCHOALR53, S.R.L.);Urbano;N/A;18/7/2025
SANTO DOMINGO;5:30 a.m. a 10:30 p.m.;7;C-53B;40;CARRO;37;N/A;N/A;COMPAÑIA DE TRANSPORTE NOCTURNO LOS ALCARRIZOS (COMTRANOAL);Urbano;N/A;18/7/2025
SANTO DOMINGO;5:30 a.m. a 10:30 p.m.;7;C-89;40;CARRO;121;N/A;N/A;COMPAÑIA DE TRANSPORTE PANTOJA-KM 9 (COMTRAPARK,SRL) (COMTRAPARK, SRL);Urbano;N/A;18/7/2025
SANTO DOMINGO;5:30 a.m. a 10:30 p.m.;7;C-116;35;CARRO;30;N/A;N/A;COMPAÑIA DE TRANSPORTE DE PROPIEDADES DE CARROS DE SAN ISIDRO (COMTRAPROCASI);Urbano;N/A;18/7/2025
SANTO DOMINGO;5:30 a.m. a 10:30 p.m.;7;M-26;40;MICROBUS;59;N/A;N/A;COMPAÑÍA DE TRANSPORTE Y SERVICIOS PALMAREJO VILLA LINDA, S.R.L.  (COMTRASEPALVIL);Urbano;N/A;18/7/2025
SANTO DOMINGO;5:30 a.m. a 10:30 p.m.;7;M-22-28;60;CARRO;30;N/A;N/A;COMPAÑÍA DE TRANSPORTE PEDRO BRAND SANTO DOMINGO (CONTRAPEBRASAN);Urbano;N/A;18/7/2025
SANTO DOMINGO;5:30 a.m. a 10:30 p.m.;7;C-73 A;35;CARRO;116;N/A;N/A;COMPAÑÍA DE TRANSPORTE VARGAS Y CATALINO (CONTRATUVARCA A);Urbano;N/A;18/7/2025
SANTO DOMINGO;5:30 a.m. a 10:30 p.m.;7;C-73 B;35;CARRO;138;N/A;N/A;COMPAÑÍA DE TRANSPORTE VARGAS Y CATALINO (CONTRATUVARCA B);Urbano;N/A;18/7/2025
SANTO DOMINGO;5:30 a.m. a 10:30 p.m.;7;C-73 C;35;CARRO;46;N/A;N/A;COMPAÑÍA DE TRANSPORTE VARGAS Y CATALINO (CONTRATUVARCA C);Urbano;N/A;18/7/2025
SANTO DOMINGO;5:30 a.m. a 10:30 p.m.;7;C-107;35;CARRO;329;N/A;N/A;COMPAÑIA DE TRANSPORTE URBANO SAN FELIPE, S.R.L.  (CONTRAUSAFE);Urbano;N/A;18/7/2025
SANTO DOMINGO;5:30 a.m. a 10:30 p.m.;7;C-57;50;CARRO;55;N/A;N/A;COMPAÑIA DE TRANSPORTE EXPRESO LA VICTORIA S.R.L.,CONTRAVIC (CONTRAVIC);Urbano;N/A;18/7/2025
SANTO DOMINGO;5:30 a.m. a 10:30 p.m.;7;M-41A;40;MINIBUS;19;N/A;N/A;COOPERATIVA DE AHORRO, CRÉDITO, SERVICIOS MÚLTIPLES TRANSPORTE (COOPMIBARRIO);Urbano;N/A;18/7/2025
SANTO DOMINGO;5:30 a.m. a 10:30 p.m.;7;C-23;40;CARRO;95;N/A;N/A;COOPERATIVA DE AHORROS, CREDITOS Y SERVICIOS MULTIPLES PROFESOR SIMON OROZCO. (COOP-RUTA 23);Urbano;N/A;18/7/2025
SANTO DOMINGO;5:30 a.m. a 10:30 p.m.;7;M-5A;40;MICROBUS;107;N/A;N/A;COOPERATIVA DE TRANSPORTE Y SERVICIOS MÚLTIPLES INDEPENDENCIA (COOTRASMIND);Urbano;N/A;18/7/2025
SANTO DOMINGO;5:30 a.m. a 10:30 p.m.;7;M-4;35;MINIBUS;10;N/A;N/A;CORREDOR RUTA-4 (CORREDOR RUTA-4);Urbano;N/A;18/7/2025
SANTO DOMINGO;5:30 a.m. a 10:30 p.m.;7;C-112;40;CARRO;135;N/A;N/A;COMPAÑIA DE TRANSPORTE ANGELES PERALEJOS, S A (COTRAAP);Urbano;N/A;18/7/2025
SANTO DOMINGO;5:30 a.m. a 10:30 p.m.;7;C-22-28;60;CARRO;298;N/A;N/A;COMPAÑIA DE TRANSPORTE DE PEDRO BRAND. (COTRABRAND);Urbano;N/A;18/7/2025
SANTO DOMINGO;5:30 a.m. a 10:30 p.m.;7;C-98;35;CARRO;7;N/A;N/A;COMPAÑIA DE TURISMO Y EXPORTACION VARGAS Y CATALINO,SRL (COMTRATUVARCA 73-A);Urbano;N/A;18/7/2025
SANTO DOMINGO;5:30 a.m. a 10:30 p.m.;7;M-45;40;MICROBUS;44;N/A;N/A;TRANSPORTE DE JESUS CRUZ (DE JESUS CRUZ);Urbano;N/A;18/7/2025
SANTO DOMINGO;5:30 a.m. a 10:30 p.m.;7;C-70;35;CARRO;249;N/A;N/A;FEDERACIÓN NACIONAL DE TRANSPORTISTAS AMIGOS DE PEÑA GÓMEZ (FENATRAPEGO);Urbano;N/A;18/7/2025
SANTO DOMINGO;5:30 a.m. a 10:30 p.m.;7;C-113;35;CARRO;206;N/A;N/A;FEDERACION DE TRANSPORTISTA AMIGOS DE PEÑA GÓMEZ (FENATRAPEGO B);Urbano;N/A;18/7/2025
SANTO DOMINGO;5:30 a.m. a 10:30 p.m.;7;M-53;40;MICROBUS;52;N/A;N/A;TRANSPORTE MARRERO S.A. (MARRERO);Urbano;N/A;18/7/2025
SANTO DOMINGO;5:30 a.m. a 10:30 p.m.;7;C-71;35;CARRO;90;N/A;N/A;MI EXPRESS RUTA 071 COMPAÑIA DE TRANSPORTE (MI EXPRESS);Urbano;N/A;18/7/2025
SANTO DOMINGO;5:30 a.m. a 10:30 p.m.;7;C-21;35;CARRO;111;N/A;N/A;COMPAÑIA DE TRANSPORTE MIPROGASETT (MIPROGASETT);Urbano;N/A;18/7/2025
SANTO DOMINGO;5:30 a.m. a 10:30 p.m.;7;C-29;35;CARRO;339;N/A;N/A;COMPAÑIA DE TRANSPORTE COMTRAPROCHOAL,S.R.L. (COMTRAPROCHOALR29, S.R.L.);Urbano;N/A;18/7/2025
SANTO DOMINGO;5:30 a.m. a 10:30 p.m.;7;M-100A;50;MICROBUS;62;N/A;N/A;EXPRESO RUTA 100 (EXPRESO RUTA 100);Urbano;N/A;18/7/2025
SANTO DOMINGO;5:30 a.m. a 10:30 p.m.;7;M-100B;50;MINIBUS;70;N/A;N/A;EXPRESO RUTA 100 (EXPRESO RUTA 100);Urbano;N/A;18/7/2025
SANTO DOMINGO;5:30 a.m. a 10:30 p.m.;7;M-103;45;MINIBUS;18;N/A;N/A;SICHOMIL 103 LA VICTORIA, S.R.L. (RUTA 103);Urbano;N/A;18/7/2025
SANTO DOMINGO;5:30 a.m. a 10:30 p.m.;7;C-105;35;CARRO;31;N/A;N/A;ASOCIACIÓN DE DUEÑOS DE CARROS DE ZONA FRANCA (RUTA 105);Urbano;N/A;18/7/2025
SANTO DOMINGO;5:30 a.m. a 10:30 p.m.;7;M-10B;40;MINIBUS;24;N/A;N/A;COMPAÑIA DE TRANSPORTE VICTOR HUGO,SRL ();Urbano;N/A;18/7/2025
SANTO DOMINGO;5:30 a.m. a 10:30 p.m.;7;M-16C;45;MINIBUS;31;N/A;N/A;RUTA 16C (16C);Urbano;N/A;18/7/2025
SANTO DOMINGO;5:30 a.m. a 10:30 p.m.;7;M-25A;35;MICROBUS;16;N/A;N/A;SINDICATO CHOFERES DE MINIBUSES DE LA AV. 25 DE FEBRERO (25 DE FEBRERO 025A);Urbano;N/A;18/7/2025
SANTO DOMINGO;5:30 a.m. a 10:30 p.m.;7;M-25B;35;MICROBUS;18;N/A;N/A;SINDICATO CHOFERES DE MINIBUSES DE LA AV. 25 DE FEBRERO (25 DE FEBRERO 025B);Urbano;N/A;18/7/2025
SANTO DOMINGO;5:30 a.m. a 10:30 p.m.;7;M-25C;35;MICROBUS;8;N/A;N/A;SINDICATO CHOFERES DE MINIBUSES DE LA AV. 25 DE FEBRERO (25 DE FEBRERO 025C);Urbano;N/A;18/7/2025
SANTO DOMINGO;5:30 a.m. a 10:30 p.m.;7;M-32;45;MICROBUS;67;N/A;N/A;COMPAÑIA DE TRANSPORTE PUBLICO DE PROPIETARIOS Y CHOFERES AMAURY (RUTA 32);Urbano;N/A;18/7/2025
SANTO DOMINGO;5:30 a.m. a 10:30 p.m.;7;M-38;40;MICROBUS;95;N/A;N/A;RUTA 38 BRISAS DEL ESTE, TRANSPORTE DE SERVICIOS MÚLTIPLES (RUTA 38);Urbano;N/A;18/7/2025
SANTO DOMINGO;5:30 a.m. a 10:30 p.m.;7;M-54;40;MICROBUS;22;N/A;N/A;RUTA 54 (RUTA 54);Urbano;N/A;18/7/2025
SANTO DOMINGO;5:30 a.m. a 10:30 p.m.;7;M-64;40;MICROBUS;29;N/A;N/A;TRANSPORTE A. CRUZ & ASOCIADOS (RUTA 64);Urbano;N/A;18/7/2025
SANTO DOMINGO;5:30 a.m. a 10:30 p.m.;7;M-66A;45;MINIBUS;19;N/A;N/A;TRANSPORTE DE PASAJEROS DE QUITA SUEÑO CXA (QUITA SUEÑO 066A);Urbano;N/A;18/7/2025
SANTO DOMINGO;5:30 a.m. a 10:30 p.m.;7;M-66B;45;MINIBUS;17;N/A;N/A;TRANSPORTE DE PASAJEROS DE QUITA SUEÑO CXA (QUITA SUEÑO 066B);Urbano;N/A;18/7/2025
SANTO DOMINGO;5:30 a.m. a 10:30 p.m.;7;M-66C;45;MINIBUS;16;N/A;N/A;TRANSPORTE DE PASAJEROS DE QUITA SUEÑO CXA (QUITA SUEÑO 066C);Urbano;N/A;18/7/2025
SANTO DOMINGO;5:30 a.m. a 10:30 p.m.;7;M-66D;45;MINIBUS;16;N/A;N/A;TRANSPORTE DE PASAJEROS DE QUITA SUEÑO CXA (QUITA SUEÑO 066D);Urbano;N/A;18/7/2025
SANTO DOMINGO;5:30 a.m. a 10:30 p.m.;7;A-69;45;AUTOBUS;19;N/A;N/A;COOPERATIVA DE SERVICIOS NUEVA IMAGEN (RUTA 69);Urbano;N/A;18/7/2025
SANTO DOMINGO;5:30 a.m. a 10:30 p.m.;7;C-18;35;CARRO;296;N/A;N/A;SERVICIO DE TRANSPORTE CABRERA-SILVERIO (SERTRACASI );Urbano;N/A;18/7/2025
SANTO DOMINGO;5:30 a.m. a 10:30 p.m.;7;C-49;35;CARRO;351;N/A;N/A;SERVICIO DE TRANSPORTE MULTIPLES DE SANTO DOMINGO NORTE, S.R.L.  (SETRAMUNORTE);Urbano;N/A;18/7/2025
SANTO DOMINGO;5:30 a.m. a 10:30 p.m.;7;C-65;30;CARRO;126;N/A;N/A;SERVICIO DE TRANSPORTE UNIDAD Y DESARROLLO,SETRAUDE,S.R.L. (SETRAUDE );Urbano;N/A;18/7/2025
SANTO DOMINGO;5:30 a.m. a 10:30 p.m.;7;C-103;35;CARRO;253;N/A;N/A;SINDICATO DE CHOFERES DE LAS AMÉRICAS (SICHOAMERICA);Urbano;N/A;18/7/2025
SANTO DOMINGO;5:30 a.m. a 10:30 p.m.;7;C-44 C;40;CARRO;146;N/A;N/A;SINDICATO DE CHOFERES DE LOS TRES BRAZOS (SICHOBRAZO);Urbano;N/A;18/7/2025
SANTO DOMINGO;5:30 a.m. a 10:30 p.m.;7;M-44;40;MINIBUS;19;N/A;N/A;SINDICATO DE CHOFERES DE LOS TRES BRAZOS (SICHOBRAZO);Urbano;N/A;18/7/2025
SANTO DOMINGO;5:30 a.m. a 10:30 p.m.;7;C-31;35;CARRO;88;N/A;N/A;COMPAÑIA DE TRANSPORTE SICHOCABRAZO (SICHOCABRAZO);Urbano;N/A;18/7/2025
SANTO DOMINGO;5:30 a.m. a 10:30 p.m.;7;M-99;40;MINIBUS;26;N/A;N/A;SINDICATO DE CHOFERES Y COBRADORES DEL ALMIRANTE (SICHOCOAL);Urbano;N/A;18/7/2025
SANTO DOMINGO;5:30 a.m. a 10:30 p.m.;7;M-47;40;MINIBUS;25;N/A;N/A;SINDICATO DE CHOFERES Y COBRADORES DE BUENOS AIRES (SICHOCOBA);Urbano;N/A;18/7/2025
SANTO DOMINGO;5:30 a.m. a 10:30 p.m.;7;M-27B;45;MINIBUS;56;N/A;N/A;SINDICATO DE CHOFERES Y COBRADORES DE LOS ALCARRIZOS (SICHOCODELA);Urbano;N/A;18/7/2025
SANTO DOMINGO;5:30 a.m. a 10:30 p.m.;7;M-14;40;MICROBUS;29;N/A;N/A;SINDICATO DE CHOFERES DE LA COMUNIDAD GUACHUPITERA (SICHOCOGUA);Urbano;N/A;18/7/2025
SANTO DOMINGO;5:30 a.m. a 10:30 p.m.;7;M-40A;40;MICROBUS;13;N/A;N/A;SINDICATO DE CHOFERES Y COBRADORES DE LOS MINA (SICHOCOLOSMINA);Urbano;N/A;18/7/2025
SANTO DOMINGO;5:30 a.m. a 10:30 p.m.;7;M-40B;40;MINIBUS;71;N/A;N/A;SINDICATO DE CHOFERES Y COBRADORES DE LOS MINA (SICHOCOLOSMINA);Urbano;N/A;18/7/2025
SANTO DOMINGO;5:30 a.m. a 10:30 p.m.;7;M-40E;40;MICROBUS;25;N/A;N/A;SINDICATO DE CHOFERES Y COBRADORES DE LOS MINA (SICHOCOLOSMINA);Urbano;N/A;18/7/2025
SANTO DOMINGO;5:30 a.m. a 10:30 p.m.;7;C-36 A2;35;CARRO;69;N/A;N/A;SINDICATO DE CHOFERES Y COBRADORES TRANSPORTE GUARICANOS  (SICHOCOTRAGU);Urbano;N/A;18/7/2025
SANTO DOMINGO;5:30 a.m. a 10:30 p.m.;7;M-36A;35;MICROBUS;58;N/A;N/A;COOPERATIVA TRANSPORTE SERVICIOS MÚLTIPLE LOS GUARICANOS (SICHOCOTRAGU);Urbano;N/A;18/7/2025
SANTO DOMINGO;5:30 a.m. a 10:30 p.m.;7;M-36B;40;MINIBUS;31;N/A;N/A;COOPERATIVA TRANSPORTE SERVICIOS MÚLTIPLES LOS GUARICANOS (SICHOCOTRAGU);Urbano;N/A;18/7/2025
SANTO DOMINGO;5:30 a.m. a 10:30 p.m.;7;C-8C;40;CARRO;207;N/A;N/A;SINDICATO DE CHOFERES DE CRISTO REY-FERIA (SICHOCRIFE);Urbano;N/A;18/7/2025
SANTO DOMINGO;5:30 a.m. a 10:30 p.m.;7;M-8A;40;MINIBUS;29;N/A;N/A;SINDICATO DE CHOFERES DE CRISTO REY (SICHOCRIFE);Urbano;N/A;18/7/2025
SANTO DOMINGO;5:30 a.m. a 10:30 p.m.;7;C-72;35;CARRO;115;N/A;N/A;SINDICATO DE CHOFERES DOMINICANOS EN LUCHA (SICHODOLU);Urbano;N/A;18/7/2025
SANTO DOMINGO;5:30 a.m. a 10:30 p.m.;7;M-21;40;MICROBUS;11;N/A;N/A;ASOCIACIÓN DE PROPIETARIO DE AUTOBUSES DE LA RUTA 21 (SICHOET);Urbano;N/A;18/7/2025
SANTO DOMINGO;5:30 a.m. a 10:30 p.m.;7;M-17A;40;MICROBUS;67;N/A;N/A;SINDICATO DE CHOFERES DE LA 27 DE FEBRERO (SICHOFEB);Urbano;N/A;18/7/2025
SANTO DOMINGO;5:30 a.m. a 10:30 p.m.;7;M-17C;40;MICROBUS;30;N/A;N/A;SINDICATO DE CHOFERES DE LA 27 DE FEBRERO (SICHOFEB);Urbano;N/A;18/7/2025
SANTO DOMINGO;5:30 a.m. a 10:30 p.m.;7;C-87;35;CARRO;120;N/A;N/A;SINDICATO DE CHOFERES DEL 27 DE FEBRERO DE CARROS (SICHOFEBCA);Urbano;N/A;18/7/2025
SANTO DOMINGO;5:30 a.m. a 10:30 p.m.;7;C-86;35;CARRO;27;N/A;N/A;SERVICIOS DE TRANSPORTE SERTRAMA,S.R.L. (SERTRAMA);Urbano;N/A;18/7/2025
SANTO DOMINGO;5:30 a.m. a 10:30 p.m.;7;C-34;35;CARRO;109;N/A;N/A;COMPAÑIA DE CHOFERES GREGORIO LUPERÓN,GRELUPEN (GRELUPEN);Urbano;N/A;18/7/2025
SANTO DOMINGO;5:30 a.m. a 10:30 p.m.;7;C-38;35;CARRO;111;N/A;N/A;SERVICIOS DE TRANSPORTE PRIMERA,SRL (SETRAPI);Urbano;N/A;18/7/2025
SANTO DOMINGO;5:30 a.m. a 10:30 p.m.;7;C-40;35;CARRO;57;N/A;N/A;SINDICATO DE CHOFERES DE PANTOJA-HONDONADA (SICHOPAHO);Urbano;N/A;18/7/2025
SANTO DOMINGO;5:30 a.m. a 10:30 p.m.;7;C-41;35;CARRO;50;N/A;N/A;COMPAÑIA DE TRANSPORTE SICHOPUCRI, SRL (SICHOPUCRI);Urbano;N/A;18/7/2025
SANTO DOMINGO;5:30 a.m. a 10:30 p.m.;7;C-43;35;CARRO;107;N/A;N/A;SINDICATO DE CHOFERES OPERADORES DE RUTAS LOS SOCIETARIOS (SICHORUS);Urbano;N/A;18/7/2025
SANTO DOMINGO;5:30 a.m. a 10:30 p.m.;7;C-68;35;CARRO;93;N/A;N/A;SINDICATO DE CHOFERES DE LA VEINTE (SICHORVEN);Urbano;N/A;18/7/2025
SANTO DOMINGO;5:30 a.m. a 10:30 p.m.;7;C-75;35;CARRO;220;N/A;N/A;SINDICATO DE CHOFERES SOCIAL CRISTIANO DE VILLA FARO (SICHOSCVIFA);Urbano;N/A;18/7/2025
SANTO DOMINGO;5:30 a.m. a 10:30 p.m.;7;C-117;35;CARRO;30;N/A;N/A;SINDICATO DE CHOFERES DE SAN ISIDRO (SICHOSI);Urbano;N/A;18/7/2025
SANTO DOMINGO;5:30 a.m. a 10:30 p.m.;7;C-111;35;CARRO;47;N/A;N/A;SINDICATO DE CHOFERES SOCIAL CRISTIANO (SICHOSOCRI);Urbano;N/A;18/7/2025
SANTO DOMINGO;5:30 a.m. a 10:30 p.m.;7;M-51A;50;MICROBUS;54;N/A;N/A;SINDICATO DE CHOFERES SOCIAL CRISTIANO (SICHOSOCRIS);Urbano;N/A;18/7/2025
SANTO DOMINGO;5:30 a.m. a 10:30 p.m.;7;M-52B;50;MICROBUS;43;N/A;N/A;SINDICATO DE CHOFERES SOCIAL CRISTIANO (SICHOSOCRIS);Urbano;N/A;18/7/2025
SANTO DOMINGO;5:30 a.m. a 10:30 p.m.;7;M-52C;50;MICROBUS;38;N/A;N/A;SINDICATO DE CHOFERES SOCIAL CRISTIANO (SICHOSOCRIS);Urbano;N/A;18/7/2025
SANTO DOMINGO;5:30 a.m. a 10:30 p.m.;7;C-74;35;CARRO;39;N/A;N/A;EMPRESA DE TRANSPORTE EL TAMARINDO, EMTRATAMAR (EMTRATAMAR);Urbano;N/A;18/7/2025
SANTO DOMINGO;5:30 a.m. a 10:30 p.m.;7;C-44;35;CARRO;53;N/A;N/A;SINDICATO DE CHOFERES DE TAXIS MARÍA MONTES (SICHOTAMM);Urbano;N/A;18/7/2025
SANTO DOMINGO;5:30 a.m. a 10:30 p.m.;7;C-50;35;CARRO;141;N/A;N/A;SINDICATO DE CHOFERES UNIDOS DE SABANA LARGA-LOS MINA (SICHOUSAMINA);Urbano;N/A;18/7/2025
SANTO DOMINGO;5:30 a.m. a 10:30 p.m.;7;C-45;35;CARRO;144;N/A;N/A;SINDICATO DE CHOFERES OVANDO-DISTRITO (SICHOVANDI);Urbano;N/A;18/7/2025
SANTO DOMINGO;5:30 a.m. a 10:30 p.m.;7;C-97;35;CARRO;99;N/A;N/A;SINDICATO DE CHOFERES OVANDO-DISTRITO  (SICHOVANDI B);Urbano;N/A;18/7/2025
SANTO DOMINGO;5:30 a.m. a 10:30 p.m.;7;C-46;40;CARRO;237;N/A;N/A;SINDICATO DE CHOFERES DE LA LOPE DE VEGA-ABRAHAM LINCOLN (SICHOVELIN);Urbano;N/A;18/7/2025
SANTO DOMINGO;5:30 a.m. a 10:30 p.m.;7;C-24;40;CARRO;293;N/A;N/A;SINDICATO DE CHOFERES DE VEHÍCULOS PÚBLICOS DEL DISTRITO NACIONAL (SICHOVEPO);Urbano;N/A;18/7/2025
SANTO DOMINGO;5:30 a.m. a 10:30 p.m.;7;M-24-2 (Inactiva);;MINIBUS;69;N/A;N/A;SINDICATO DE CHOFERES DE VEHÍCULOS PÚBLICOS (SICHOVEPO);Urbano;N/A;18/7/2025
SANTO DOMINGO;5:30 a.m. a 10:30 p.m.;7;C-121;40;CARRO;50;N/A;N/A;SINDICATO DE CHOFERES DE VILLA LIBERACION (SICHOVIL);Urbano;N/A;18/7/2025
SANTO DOMINGO;5:30 a.m. a 10:30 p.m.;7;C-48;35;CARRO;118;N/A;N/A;COMPAÑIA DE TRANSPORTE EL GALLO ();Urbano;N/A;18/7/2025
SANTO DOMINGO;5:30 a.m. a 10:30 p.m.;7;C-106;35;CARRO;61;N/A;N/A;SINDICATO DE CHOFERES DE VILLA MELLA -PARAISO (SICHOVMELLA);Urbano;N/A;18/7/2025
SANTO DOMINGO;5:30 a.m. a 10:30 p.m.;7;M-33;40;MICROBUS;12;N/A;N/A;SINDICATO ORGANIZADO DE CHOFERES DE LA ISABELA (SICODI);Urbano;N/A;18/7/2025
SANTO DOMINGO;5:30 a.m. a 10:30 p.m.;7;C-104;35;CARRO;210;N/A;N/A;SINDICATO NACIONAL DE CHOFERES DE CARGA LIVIANA (SINACHOCAL);Urbano;N/A;18/7/2025
SANTO DOMINGO;5:30 a.m. a 10:30 p.m.;7;A-11;45;AUTOBUS;24;N/A;N/A;SINDICATO NACIONAL DE CHOFERES Y COBRADORES UNIFICADOS DE LOS FARALLONES (SINACHOCOUNFA);Urbano;N/A;18/7/2025
SANTO DOMINGO;5:30 a.m. a 10:30 p.m.;7;M-34;100;MICROBUS;64;N/A;N/A;SINDICATO DE TRANSPORTE LA CUABA HATO VIEJO SANTO DOMINGO (SINACHOCUB);Urbano;N/A;18/7/2025
SANTO DOMINGO;5:30 a.m. a 10:30 p.m.;7;C-118;35;CARRO;137;N/A;N/A;COMPAÑIA DE TRANSPORTE LOS SENCILLOS, SRL (COMTRANSEN);Urbano;N/A;18/7/2025
SANTO DOMINGO;5:30 a.m. a 10:30 p.m.;7;C-63;35;CARRO;116;N/A;N/A;SINDICATO NACIONAL DE TRANSPORTE PÚBLICO (SINATRANSP);Urbano;N/A;18/7/2025
SANTO DOMINGO;5:30 a.m. a 10:30 p.m.;7;M-52;40;MINIBUS;33;N/A;N/A;SINDICATO DE CHOFERES DE MINIBUSES LOS RÍOS MERCADO NUEVO Y ZONA ALEDAÑAS (SINCHOMIRIM);Urbano;N/A;18/7/2025
SANTO DOMINGO;5:30 a.m. a 10:30 p.m.;7;C-82;35;CARRO;121;N/A;N/A;SINDICATO DE CHOFERES PEÑA BATLLE-TUNTI CÁCERES (SINCHOPEBATUCA);Urbano;N/A;18/7/2025
SANTO DOMINGO;5:30 a.m. a 10:30 p.m.;7;M-6B;35;MINIBUS;36;N/A;N/A;UNIÓN DE PROPIETARIOS Y CHOFERES LOS GUARICANOS (UPCG.);Urbano;N/A;18/7/2025
SANTO DOMINGO;5:30 a.m. a 10:30 p.m.;7;M-29;35;MICROBUS;59;N/A;N/A;COMPAÑÍA DE TRANSPORTE NICOLÁS DE OVANDO (SITRANIDO);Urbano;N/A;18/7/2025
SANTO DOMINGO;5:30 a.m. a 10:30 p.m.;7;M-90;40;MICROBUS;38;N/A;N/A;SITRANSPALCHAVI M-90,SRL (SITRANSPALCHAVI);Urbano;N/A;18/7/2025
SANTO DOMINGO;5:30 a.m. a 10:30 p.m.;7;C-62;40;CARRO;40;N/A;N/A;COMPAÑIA DE TRANSPORTE LEONIDAS VILLA LINDA, COTRALEOVILLALIN (COTRALEOVILLALIN);Urbano;N/A;18/7/2025
SANTO DOMINGO;5:30 a.m. a 10:30 p.m.;7;M-12;40;MICROBUS;51;N/A;N/A;SINDICATO DE CHÓFERES ZONA FRANCA SAN ISIDRO (SITRAZOFRANSI);Urbano;N/A;18/7/2025
SANTO DOMINGO;5:30 a.m. a 10:30 p.m.;7;C-54;35;CARRO;60;N/A;N/A;COMPAÑIA DE TRANSPORTE LA ALMENDRA,SRL ();Urbano;N/A;18/7/2025
SANTO DOMINGO;5:30 a.m. a 10:30 p.m.;7;M-1;45;MINIBUS;115;N/A;N/A;SINDICATO DE TRANSPORTE URBANO (SITRAUR);Urbano;N/A;18/7/2025
SANTO DOMINGO;5:30 a.m. a 10:30 p.m.;7;C-55;35;CARRO;260;N/A;N/A;SINDICATO DE TRANSPORTE VILLA FARO Y MENDOZA (SITRAVIME);Urbano;N/A;18/7/2025
SANTO DOMINGO;5:30 a.m. a 10:30 p.m.;7;M-15;40;MINIBUS;34;N/A;N/A;SERVICIO DE TRANSPORTE NUEVO RENACER, SRL ();Urbano;N/A;18/7/2025
SANTO DOMINGO;5:30 a.m. a 10:30 p.m.;7;C-81;35;CARRO;234;N/A;N/A;SINDICATO UNIDO DE CHOFERES DEL DISTRITO NACIONAL (SIUCHODISNA);Urbano;N/A;18/7/2025
SANTO DOMINGO;5:30 a.m. a 10:30 p.m.;7;M-56;100;MICROBUS;25;N/A;N/A;COMPAÑIA DE TRANSPORTE LAS AMERICAS, SIUCHOLA SRL (SIUCHOLA);Urbano;N/A;18/7/2025
SANTO DOMINGO;5:30 a.m. a 10:30 p.m.;7;M-23;45;MINIBUS;50;N/A;N/A;TRANSPORTE EXPRESO ALCARRIZOS 23 (TRANSALCA);Urbano;N/A;18/7/2025
SANTO DOMINGO;5:30 a.m. a 10:30 p.m.;7;M-19A;35;MICROBUS;39;N/A;N/A;SINDICATO DE CHOFERES DE TRANSPORTE DE CRISTO REY (TRANSCRIREY);Urbano;N/A;18/7/2025
SANTO DOMINGO;5:30 a.m. a 10:30 p.m.;7;M-19B;35;MICROBUS;42;N/A;N/A;SINDICATO DE CHOFERES DE TRANSPORTE DE CRISTO REY (TRANSCRIREY);Urbano;N/A;18/7/2025
SANTO DOMINGO;5:30 a.m. a 10:30 p.m.;7;M-63;45;MICROBUS;20;N/A;N/A;COMPAÑIA DE TRANSPORTE LOM ,S.R.L. (TRANSPORTE LOM);Urbano;N/A;18/7/2025
SANTO DOMINGO;5:30 a.m. a 10:30 p.m.;7;M-30;35;MICROBUS;54;N/A;N/A; COMPAÑÍA DE TRANSPORTE SAN LORENZO DE CRISTO REY S.R.L (SICHOSALOCRY);Urbano;N/A;18/7/2025
SANTO DOMINGO;5:30 a.m. a 10:30 p.m.;7;C-59 C;35;CARRO;51;N/A;N/A;UNIÓN DE CHOFERES INDEPENDIENTES DE SABANA PERDIDA (UCHOINDSAP);Urbano;N/A;18/7/2025
SANTO DOMINGO;5:30 a.m. a 10:30 p.m.;7;M-59A;40;MINIBUS;6;N/A;N/A;UNIÓN DE CHOFERES INDEPENDIENTES DE SABANA PERDIDA (UCHOINDSAP);Urbano;N/A;18/7/2025
SANTO DOMINGO;5:30 a.m. a 10:30 p.m.;7;M-59B;40;MINIBUS;27;N/A;N/A;UNIÓN DE CHOFERES INDEPENDIENTES DE SABANA PERDIDA (UCHOINDSAP);Urbano;N/A;18/7/2025
SANTO DOMINGO;5:30 a.m. a 10:30 p.m.;7;M-13;45;MINIBUS;59;N/A;N/A;PEREZ SANCHEZ & ASOCIADOS, SERVICIOS DE TRANSPORTES Y AFINES, SRL ();Urbano;N/A;18/7/2025
SANTO DOMINGO;5:30 a.m. a 10:30 p.m.;7;C-92;35;CARRO;70;N/A;N/A;SERVICIO DE TRANSPORTE UNICHODI, S.R.L. (UNICHODI);Urbano;N/A;18/7/2025
SANTO DOMINGO;5:30 a.m. a 10:30 p.m.;7;M-5B;40;MINIBUS;28;N/A;N/A;UNIÓN DE CHOFERES DE LOS MAMEYES (UNICHOMEYES);Urbano;N/A;18/7/2025
SANTO DOMINGO;5:30 a.m. a 10:30 p.m.;7;C-59;35;CARRO;77;N/A;N/A;ASOCIACIÓN DE CHOFERES DE LA SAN VICENTE DE PAUL (AETRAPAS);Urbano;N/A;18/7/2025
SANTO DOMINGO;5:30 a.m. a 10:30 p.m.;7;C-84;45;CARRO;66;N/A;N/A;COMPAÑIA DE TRANSPORTE LIBRE, COMTRALI SRL (COMTRALI);Urbano;N/A;18/7/2025
SANTO DOMINGO;5:30 a.m. a 10:30 p.m.;7;C-114;35;CARRO;164;N/A;N/A;UNIÓN DE PROPIETARIOS DE CARROS (UNION PROPIETARIO 114);Urbano;N/A;18/7/2025
SANTO DOMINGO;5:30 a.m. a 10:30 p.m.;7;M-50;40;MICROBUS;62;N/A;N/A;UNIÓN DE TRANSPORTISTAS DEL DISTRITO NACIONAL (UNITRAPODINA);Urbano;N/A;18/7/2025
SANTO DOMINGO;5:30 a.m. a 10:30 p.m.;7;M-6A;35;MICROBUS;56;N/A;N/A;UNIÓN DE PROPIETARIOS Y CHOFERES LOS GUARICANOS (UPCG);Urbano;N/A;18/7/2025
SANTO DOMINGO;5:30 a.m. a 10:30 p.m.;7;C-61;35;CARRO;290;N/A;N/A;COMPAÑIA DE TRANSPORTE ASOCHOPALMA, SRL (ASOCHOPALMA);Urbano;N/A;18/7/2025
SANTO DOMINGO;5:30 a.m. a 10:30 p.m.;7;C-58;35;CARRO;89;N/A;N/A;V CENTENARIO (V CENTENARIO);Urbano;N/A;18/7/2025
SANTO DOMINGO;4:30 a.m. a 9:00 p.m.;7;N/A;75;CARRO;71;N/A;N/A;COMPAÑIA DE TRANSPORTE HACIENDA ESTRELLA,SRL (COTRAHE);Urbano;N/A;18/7/2025
SANTO DOMINGO;5:00 a.m. a 10:00 p.m.;7;N/A;35;CARRO;24;N/A;N/A;SINDICATO DE CHOFERES DEL PROYECTO HARAS NICOLAS DE OVANDO (SICHOPROVIMO);Urbano;N/A;18/7/2025
SANTO DOMINGO;6:00 a.m.a 6:00 p.m.;7;N/A;35;MICROBUS;22;N/A;N/A;SINDICATO DE CHOFERES JUAN TOMAS- VILLA MELLA (SICHOVIJOTA);Urbano;N/A;18/7/2025
SANTO DOMINGO;6:00 a.m. a 10:00 p.m.;7;N/A;35;CARRO;35;N/A;N/A;COMPAÑIA DE TRANSPORTE TRANSPAGUE. SRL (TRANSPAGUE);Urbano;N/A;18/7/2025
SANTO DOMINGO;6:00 a.m. a 9:00 p.m.;7;N/A;35;MICROBUS;55;N/A;N/A;COMPAÑIA DE TRANSPORTE URBANO DEL MUNICIPIO DE BOCA CHICA COTRAUMUBOCH.S.R.L. (COTRAUMUBOCH A);Urbano;N/A;18/7/2025
SANTO DOMINGO;6:00 a.m. a 9:00 p.m.;7;N/A;35;MICROBUS;58;N/A;N/A;COMPAÑIA DE TRANSPORTE URBANO DEL MUNICIPIO DE BOCA CHICA COTRAUMUBOCH.S.R.L. (COTRAUMUBOCH B);Urbano;N/A;18/7/2025
SANTO DOMINGO;5:30 a.m. a 10:00 p.m.;7;N/A;35;CARRO;16;N/A;N/A;ASOCIACION DE CHOFERES VILLA MELLA (ASOCHOVIM);Urbano;N/A;18/7/2025
SANTO DOMINGO;6:00 a.m. a 9:00 p.m.;7;N/A;35;CARRO;37;N/A;N/A;ASOCIACION DE CHOFERES INDEPENDIENTES DE LA CALETA (ASOCHOINCA);Urbano;N/A;18/7/2025
SANTO DOMINGO;5:00 a.m. a 7:00 p.m.;7;N/A;50;MINIBUS;24;N/A;N/A;FREEWI COMPAÑIA DE PROPIETARIOS DE TRANSPORTE DE PASAJEROS(COMPROTRANUNION (COMPROTRANUNION);Urbano;N/A;18/7/2025
SANTO DOMINGO;6:00 a.m. a 7:00 p.m.;7;N/A;35;MICROBUS;20;N/A;N/A;COMPAÑIA DE TRANSPORTE ASOPROCAME S.R.L. (ASOPROCAME);Urbano;N/A;18/7/2025
DUARTE;6:00 a.m. a 6:00 p.m.;7;N/A;35;CARRO;133;N/A;N/A;SINDICATO DE CHOFERES DE TRANSPORTE URBANO DE SAN FRANCISCO DE MACORIS (SICHOTRAU (R-A1));Urbano;N/A;18/7/2025
DUARTE;6:00 a.m. a 6:00 p.m.;7;N/A;35;CARRO;132;N/A;N/A;ACHOTRAU R-A2 (ACHOTRAU R-A2);Urbano;N/A;18/7/2025
DUARTE;5:30 a.m. a 10:00 p.m.;7;N/A;35;MICROBUS;56;N/A;N/A;ASOCIACION DE CHOFERES DE TRANSPORTE URBANO FRANCOMACORISANO (ASOCHOFRAN RUTA-B);Urbano;N/A;18/7/2025
DUARTE;6:00 a.m. a 6:00 p.m.;7;N/A;35;MICROBUS;57;N/A;N/A;ASOCIACION DE CHOFERES INDEPENDIENTES DE TRANSPORTE URBANO RUTA C (ASOCHOITRAURC);Urbano;N/A;18/7/2025
DUARTE;6:00 a.m. a 12:00 p.m.;7;N/A;35;MICROBUS;24;N/A;N/A;ASOCIASION DE CHOFERES DE SAN FRANCISCO DE MACORIS (ASOCHORUD);Urbano;N/A;18/7/2025
DUARTE;6:00 a.m. a 9:00 p.m.;7;N/A;35;MICROBUS;50;N/A;N/A;SINDICATO DE TRANSPORTE URBANO RUTA E (SITRANURE);Urbano;N/A;18/7/2025
DUARTE;6:00 a.m. a 10:00 p.m.;7;N/A;35;MICROBUS;36;N/A;N/A;ASOCHOTURNO RUTA H-17 (ASOCHOTURNO RUTA H-17);Urbano;N/A;18/7/2025
DUARTE;6:00 a.m. a 6:00 p.m.;7;N/A;35;MICROBUS;9;N/A;N/A;LAS GUARANAS RUTA URBANA A (LAS GUARANAS RUTA URBANA);Urbano;N/A;18/7/2025
LA ALTAGRACIA;6:00 a.m. a 6:00 p.m.;7;N/A;35;MICROBUS;38;N/A;N/A;ASOCIACION DE TRANSPORTE DE TAXI BERON - PUNTACANA - LA JARDITA, INC.  (ASOTRAUBBAPJUZ);Urbano;N/A;18/7/2025
LA ALTAGRACIA;6:00 a.m. a 10:00 p.m.;7;N/A;35;MICROBUS;30;N/A;N/A;ASOCIACIÓN DE TRANSPORTE URBANO DE HIGUEY (ATRAHI);Urbano;N/A;18/7/2025
LA ALTAGRACIA;6:00 a.m. a 6:00 p.m.;7;N/A;35;MICROBUS;22;N/A;N/A;SINDICATO DE TRANSPORTE HIGUEY ANAMUYITA, BLANDINO (SITRAHABLA);Urbano;N/A;18/7/2025
LA ALTAGRACIA;5:00 a.m. a 10:00 p.m.;7;N/A;50;MICROBUS;17;N/A;N/A;TRANSPORTE URBANO MACAO - BAVARO - PUNTA CANA (TRAUMABAPU);Urbano;N/A;18/7/2025
LA ROMANA;6:00 a.m. a 10:00 p.m.;7;N/A;35;CARRO;280;N/A;N/A;ASOCIACION DE CHOFERES Y PROPIETARIOS DEL TRANSPORTE PUBLICO LA NUEVA IMAGEN DE LA ROMANA (ASOCHOPTRAPUNI (RUTA-B));Urbano;N/A;18/7/2025
LA ROMANA;6:00 a.m. a 11:00 p.m.;7;N/A;35;CARRO;500;N/A;N/A;ASOCIACION DE TRANSPORTE URBANO DE LA ROMANA (ASOCHOPTUR RUTA - A);Urbano;N/A;18/7/2025
LA VEGA;6:00 a.m. a 10:00 p.m.;7;N/A;35;CARRO;20;N/A;N/A;ASOCIACION DE CHOFERES DEL TRANSPORTE URBANO (ASOCHOTU);Urbano;N/A;18/7/2025
LA VEGA;6:00 a.m. a 10:00 p.m.;7;N/A;35;CARRO;58;N/A;N/A;SINDICATO DE CHOFERES DE TRANSPORTE URBANO GEREMIA- VILLA ROSA (SICHOTURB);Urbano;N/A;18/7/2025
LA VEGA;6:00 a.m. a 6:00 p.m.;7;N/A;35;CARRO;20;N/A;N/A;SINDICATO DE CHOFERES LA VEGA - ZONA FRANCA (SIND. LA VEGA-ZONA FRANCA);Urbano;N/A;18/7/2025
MARIA TRINIDAD SANCHEZ;5:00 a.m. a 10:00 p.m.;7;N/A;35;MICROBUS;35;N/A;N/A;RUTA URBANA A (ASOCHOTRAUNA);Urbano;N/A;18/7/2025
PUERTO PLATA;6:00 a.m. a 10:00 p.m.;7;N/A;35;CARRO;32;N/A;N/A;ASOCIACION DE CHOFERES DE CARROS DEL TRANSPORTE URBANO DE PUERTO PLATA-SAN MARCOS (ASOC. CHOF. URB. PTO. PTA);Urbano;N/A;18/7/2025
PUERTO PLATA;6:00 a.m. a 9:00 p.m.;7;N/A;35;CARRO;9;N/A;N/A;ASOCIACION DE CHOFERES PADRE LAS CASAS- LOS NUÑEZ (P.N.);Urbano;N/A;18/7/2025
PUERTO PLATA;6:00 a.m. a 9:00 p.m.;7;N/A;35;CARRO;30;N/A;N/A;PADRE GRANERO BELLO COSTERO (P.B.);Urbano;N/A;18/7/2025
PUERTO PLATA;6:00 a.m. a 9:00 p.m.;7;N/A;35;CARRO;33;N/A;N/A;SINDICATO DE CHOFERES DE TRANSPORTE URBANO EL JAVILLAR (J.C.);Urbano;N/A;18/7/2025
PUERTO PLATA;6:00 a.m. a 9:00 p.m.;7;N/A;35;CARRO;42;N/A;N/A;SINDICATO DE CHOFERES MUÑOZ PUERTO PLATA (SIND. CHOF. MUÑOZ-PTO.PTA);Urbano;N/A;18/7/2025
PUERTO PLATA;6:00 a.m. a 9:00 p.m.;7;N/A;35;MICROBUS;24;N/A;N/A;ASOCIACION DE PROPIETARIO DE AUTOBUSES DEL TRANSPORTE URBANO Y TURISTICO DE PUERTO PLATA (APROATUTPP);Urbano;N/A;18/7/2025
PUERTO PLATA;6:00 a.m. a 10:00 p.m.;7;N/A;35;CARRO;17;N/A;N/A;ASOCIACION DE TRANSPORTE URBANO DE SOSUA (ASOTRAURSO);Urbano;N/A;18/7/2025
SAN JUAN;6:00 a.m. a 6:00 p.m.;7;N/A;30;MICROBUS;67;N/A;N/A;SINDICATO DE CHOFERES DEL TRANSPORTE URBANO (SICHOTUSANT);Urbano;N/A;18/7/2025
SAN PEDRO DE MACORIS;6:00 aAM. a 10:00 PM;7;N/A;30;MICROBUS;300;N/A;N/A;ASTRAUR - ASOCIACIÓN DE TRANSPORTE URBANO (ASTRAUR - RUTA - A, B, C, D);Urbano;N/A;18/7/2025
SANTIAGO;6:00 a.m. a 9:00 p.m.;7;N/A;30;CARRO;97;N/A;N/A;ASOCIACION DE CHOFERES UNIDOS VILLA BAO HATO DEL YAQUE INC. (ASOCHUHAYVIB) (R-HV);Urbano;N/A;18/7/2025
SANTIAGO;6:00 a.m. a 9:00 p.m.;7;N/A;30;CARRO;135;N/A;N/A;ASOCIACION DE CHOFERES Y DUEÑOS DE FRANJAS RUTA NC (R-NC);Urbano;N/A;18/7/2025
SANTIAGO;6:00 a.m. a 9:00 p.m.;7;N/A;30;CARRO;169;N/A;N/A;ASOCIACION DE TRANSPORTE RUTA PA (ASOTRARUPA, S.R.L.) (R-PA);Urbano;N/A;18/7/2025
SANTIAGO;6:00 a.m. a 9:00 p.m.;7;N/A;30;CARRO;130;N/A;N/A;EMPRESA DE CHOFERES DE LA RUTA H (R-H);Urbano;N/A;18/7/2025
SANTIAGO;6:00 a.m. a 9:00 p.m.;7;N/A;30;CARRO;187;N/A;N/A;EMPRESA DE TRANSPORTE RUTA P (R-P);Urbano;N/A;18/7/2025
SANTIAGO;6:00 a.m. a 9:00 p.m.;7;N/A;30;CARRO;115;N/A;N/A;EMPRESA DE TRANSPORTE SANTIAGO, PUÑAL (R-SP);Urbano;N/A;18/7/2025
SANTIAGO;6:00 a.m. a 9:00 p.m.;7;N/A;30;CARRO;269;N/A;N/A;EMPRESA DE TRANSPORTE URBANO NEGRITO Y CAMAJAN RUTA N (R-N);Urbano;N/A;18/7/2025
SANTIAGO;6:00 a.m. a 9:00 p.m.;7;N/A;30;CARRO;190;N/A;N/A;EMPRESA DE TRANSPORTE URBANO RPA (EMTRARPA) (R-RPA);Urbano;N/A;18/7/2025
SANTIAGO;6:00 a.m. a 9:00 p.m.;7;N/A;30;CARRO;122;N/A;N/A;EMPRESA DE TRANSPORTE URBANO RUTA CA (R-CA);Urbano;N/A;18/7/2025
SANTIAGO;6:00 a.m. a 9:00 p.m.;7;N/A;30;CARRO;115;N/A;N/A;EMPRESA DE TRANSPORTE URBANO RUTA E,S.R.L. (R-E);Urbano;N/A;18/7/2025
SANTIAGO;6:00 a.m. a 9:00 p.m.;7;N/A;30;CARRO;353;N/A;N/A;EMPRESA DE TRANSPORTE URBANO RUTA G,S.R.L. (R-G);Urbano;N/A;18/7/2025
SANTIAGO;6:00 a.m. a 9:00 p.m.;7;N/A;30;CARRO;180;N/A;N/A;EMPRESA DE TRANSPORTE URBANO RUTA L (EMTRARUL) (R-L);Urbano;N/A;18/7/2025
SANTIAGO;6:00 a.m. a 9:00 p.m.;7;N/A;30;CARRO;56;N/A;N/A;EMPRESA DE TRANSPORTE URBANO RUTA PC, S.R.L. (R-PC);Urbano;N/A;18/7/2025
SANTIAGO;6:00 a.m. a 9:00 p.m.;7;N/A;30;CARRO;150;N/A;N/A;EMPRESA DE TRANSPORTE URBANO RUTA U (EMTRURU) (R-U);Urbano;N/A;18/7/2025
SANTIAGO;6:00 a.m. a 9:00 p.m.;7;N/A;30;CARRO;96;N/A;N/A;SINDICATO DE CHOFERES DE LA RUTA HB (R-HB);Urbano;N/A;18/7/2025
SANTIAGO;6:00 a.m. a 9:00 p.m.;7;N/A;30;CARRO;144;N/A;N/A;ASOCIACION DE CHOFERES ZP DE SANTIAGO (ACPZSA) (R-ZP);Urbano;N/A;18/7/2025
SANTIAGO;6:00 a.m. a 9:00 p.m.;7;N/A;30;CARRO;140;N/A;N/A;ASOCIACION DE RUTA CJE 27 DE FEBRERO (R-CJ 27);Urbano;N/A;18/7/2025
SANTIAGO;6:00 a.m. a 9:00 p.m.;7;N/A;30;CARRO;125;N/A;N/A;ASOCIACION DE CHOFERES DE LA DELGADA-LA CIENEGA (SINDELCI) (R-DT);Urbano;N/A;18/7/2025
SANTIAGO;6:00 a.m. a 9:00 p.m.;7;N/A;30;CARRO;56;N/A;N/A;ASOCIACION DE CHOFERES DE LA RUTA CK (R-CK);Urbano;N/A;18/7/2025
SANTIAGO;6:00 a.m. a 9:00 p.m.;7;N/A;30;CARRO;61;N/A;N/A;ASOCIACION DE CHOFERES DE TRANSPORTE URBANO DE SANTIAGO RUTA Q (ASOCHOQUAO) (R-Q);Urbano;N/A;18/7/2025
SANTIAGO;6:00 a.m. a 9:00 p.m.;7;N/A;30;CARRO;601;N/A;N/A;EMPRESA DE TRANSPORTE URBANO RUTA A (EMTRARA SRL) (R-A);Urbano;N/A;18/7/2025
SANTIAGO;6:00 a.m. a 9:00 p.m.;7;N/A;30;CARRO;753;N/A;N/A;EMPRESA DE TRANSPORTE MIRADOR DEL YAQUE, RUTA M S.R.L. (EMPRETRAMIYA) (R-M);Urbano;N/A;18/7/2025
SANTIAGO;6:00 a.m. a 9:00 p.m.;7;N/A;30;CARRO;20;N/A;N/A;RUTA DE EL ENSUEÑO (R-ENS);Urbano;N/A;18/7/2025
SANTIAGO;6:00 a.m. a 9:00 p.m.;7;N/A;30;CARRO;127;N/A;N/A;SINDICATO DE CHOFERES DE LA HERRADURA (SINCHOHER) (R-R);Urbano;N/A;18/7/2025
SANTIAGO;6:00 a.m. a 9:00 p.m.;7;N/A;30;CARRO;172;N/A;N/A;SINDICATO DE CHOFERES DE LA RUTA - O (R-O);Urbano;N/A;18/7/2025
SANTIAGO;6:00 a.m. a 9:00 p.m.;7;N/A;30;CARRO;223;N/A;N/A;SINDICATO DE CHOFERES DE LOS CIRUELITOS (SINCHOCITO) (R-C);Urbano;N/A;18/7/2025
SANTIAGO;6:00 a.m. a 9:00 p.m.;7;N/A;30;CARRO;330;N/A;N/A;SINDICATO DE CHOFERES UNIDOS RUTA K (R-K);Urbano;N/A;18/7/2025
SANTIAGO;6:00 a.m. a 9:00 p.m.;7;N/A;30;CARRO;195;N/A;N/A;SINDICATO DE TRANSPORTE URBANO BELLA VISTA PASTOR (SINCHOTRAEBVIP) (R-B);Urbano;N/A;18/7/2025
SANTIAGO;6:00 a.m. a 9:00 p.m.;7;N/A;30;CARRO;422;N/A;N/A;SINDICATO DE CHOFERES DE LA RUTA F (R-F);Urbano;N/A;18/7/2025
SANTIAGO;6:00 a.m. a 9:00 p.m.;7;N/A;30;CARRO;42;N/A;N/A;SINDICATO DE MINIBUSES DE HATO DEL YAQUE-VILLA BAO (SINCHOHAVI);Urbano;N/A;18/7/2025
VALVERDE;6:00 a.m. a 6:00 p.m.;7;N/A;30;CARRO;59;N/A;N/A;SINDICATO DE CHOFERES DE TRANSPORTE URBANO ESPERANZA (SICHOTUDE);Urbano;N/A;18/7/2025
VALVERDE;6:00 a.m. a 8:00 p.m.;7;N/A;30;CARRO;26;N/A;N/A;SINDICATO DE CHOFERES DEL TRANSPORTE URBANO RUTA B (MAO) (ASOCHOTRAURDEA);Urbano;N/A;18/7/2025
VALVERDE;6:00 a.m. a 6:00 p.m.;7;N/A;30;CARRO;29;N/A;N/A;SINDICATO DE CHOFERES TRANSPORTE URBANO RUTA A (SICHOTRAURMAVA);Urbano;N/A;18/7/2025
AZUA;07:00AM / 03:00PM;7;JORGE RADAMES DE LEON;100;MICROBÚS;1;AZUA DE COMPOSTELA;LAS CHARCAS;CONATRA;Interurbano;N/A;18/7/2025
AZUA;07:00AM / 03:00PM;7;RUDDY EMILIO FELIZ;100;MICROBÚS;1;AZUA DE COMPOSTELA;LAS CHARCAS;CONATRA;Interurbano;N/A;18/7/2025
AZUA;07:00AM / 03:00PM;7;SAURI ADALBERTO DE JESUS CASTILLO;100;MICROBÚS;1;AZUA DE COMPOSTELA;LAS CHARCAS;CONATRA;Interurbano;N/A;18/7/2025
AZUA;06:00AM / 06:00PM;7;"ASOCHODULOMA
EMILIO ROSSO";75;CAMIONETA;1;AZUA DE COMPOSTELA;LAS LOMAS;UNATRAFIN ;Interurbano;N/A;18/7/2025
AZUA;06:00AM / 06:00PM;7;"ASOCHODULOMA
(TEOFILO MATOS)";75;CAMIONETA;1;AZUA DE COMPOSTELA;LAS LOMAS;UNATRAFIN ;Interurbano;N/A;18/7/2025
AZUA;06:00AM / 06:00PM;7;ASOCHOMIBA;200;MICROBÚS;8;AZUA DE COMPOSTELA;SANTA CRUZ DE BARAHONA;CONATRA;Interurbano;N/A;18/7/2025
AZUA;06:00am / 06:00pm;7;ASOCHOPLE;100;CARROS;90;AZUA DE COMPOSTELA;LA PLENA;CONATRA;Interurbano;N/A;18/7/2025
AZUA;05:00AM / 07:30PM;7;ASODUMAS;200;MINIBÚS;33;AZUA DE COMPOSTELA;SAN JUAN DE LA MAGUANA;UNATRAFIN ;Interurbano;N/A;18/7/2025
AZUA;07:00AM / 04:00PM;7;BERNIS ODALIS PIMENTEL ;100;CARROS;1;AZUA DE COMPOSTELA;LAS CHARCAS;CONATRA;Interurbano;N/A;18/7/2025
AZUA;06:00AM / 06:00PM;7;DARIO BOLIVAR;75;CAMIONETA;1;AZUA DE COMPOSTELA;LAS LOMAS;UNATRAFIN ;Interurbano;N/A;18/7/2025
AZUA;07:00AM / 03:00PM;7;EDDY FRANCISCO PIMENTEL ;100;CARROS;1;AZUA DE COMPOSTELA;LAS CHARCAS;CONATRA;Interurbano;N/A;18/7/2025
AZUA;07:00AM / 03:00PM;7;MIGUEL ANTONIO PRESINA ;100;CARROS;1;AZUA DE COMPOSTELA;LAS CHARCAS;CONATRA;Interurbano;N/A;18/7/2025
AZUA;07:00AM / 03:00PM;7;ELIS LOXANDER ZAN SANCHEZ;100;CARROS;1;AZUA DE COMPOSTELA;LAS CHARCAS;CONATRA;Interurbano;N/A;18/7/2025
AZUA;06:35AM / 04:00PM;7;ALCIDES BELTRE FIGUEROA;125;MICROBÚS;1;BARRERA FINCA 6;AZUA DE COMPOSTELA;UNATRAFIN ;Interurbano;N/A;18/7/2025
AZUA;06:35AM / 04:00PM;7;ALEJANDRO BELTRE;125;MICROBÚS;1;BARRERA FINCA 6;AZUA DE COMPOSTELA;UNATRAFIN ;Interurbano;N/A;18/7/2025
AZUA;06:35AM / 04:00PM;7;DANILO FIGUEREO ;125;MICROBÚS;1;BARRERA FINCA 6;AZUA DE COMPOSTELA;UNATRAFIN ;Interurbano;N/A;18/7/2025
AZUA;06:35AM / 04:00PM;7;"HECTOR JULIO 
REYES FIGUEREO";125;MICROBÚS;1;BARRERA FINCA 6;AZUA DE COMPOSTELA;UNATRAFIN ;Interurbano;N/A;18/7/2025
AZUA;06:35AM / 04:00PM;7;JOSE LUCIA FIGUEROA ;125;MICROBÚS;1;BARRERA FINCA 6;AZUA DE COMPOSTELA;UNATRAFIN ;Interurbano;N/A;18/7/2025
AZUA;06:35AM / 04:00PM;7;MANUEL EMILIO DIAZ FIGUEREO;125;MICROBÚS;1;BARRERA FINCA 6;AZUA DE COMPOSTELA;UNATRAFIN ;Interurbano;N/A;18/7/2025
AZUA;06:35AM / 04:00PM;7;RAFAEL HILARIO FIGUEREO VARGAS;125;MICROBÚS;1;BARRERA FINCA 6;AZUA DE COMPOSTELA;UNATRAFIN ;Interurbano;N/A;18/7/2025
AZUA;06:35AM / 04:00PM;7;WILFREDO MATOS ;125;MICROBÚS;1;BARRERA FINCA 6;AZUA DE COMPOSTELA;UNATRAFIN ;Interurbano;N/A;18/7/2025
AZUA;06:35AM / 04:00PM;7;CARLOS JULIO REYES MATOS ;125;MICROBÚS;1;BARRERA FINCA 6;AZUA DE COMPOSTELA;UNATRAFIN ;Interurbano;N/A;18/7/2025
AZUA;06:35AM / 04:00PM;7;BERNARDO FELIZ MATOS ;125;MICROBÚS;1;BARRERA FINCA 6 ;AZUA DE COMPOSTELA;UNATRAFIN ;Interurbano;N/A;18/7/2025
AZUA;06:00am / 06:00pm;7;CESAR AUGUSTO FILPO RAMIREZ;60;CAMIONETA;1;EL BARRO;AZUA DE COMPOSTELA;UNATRAFIN ;Interurbano;N/A;18/7/2025
AZUA;06:00am / 06:00pm;7;ADAN GILBERTO RAMIREZ FELIZ;50;CAMIONETA;1;EL BARRO;AZUA DE COMPOSTELA;UNATRAFIN ;Interurbano;N/A;18/7/2025
AZUA;06:00am / 06:00pm;7;ALTAGRACIA YVELISSE MATOS PEREZ;50;CAMIONETA;1;EL BARRO;AZUA DE COMPOSTELA;UNATRAFIN ;Interurbano;N/A;18/7/2025
AZUA;06:00am / 06:00pm;7;ANGEL GUSTAVO DIAZ;50;CAMIONETA;1;EL BARRO;AZUA DE COMPOSTELA;UNATRAFIN ;Interurbano;N/A;18/7/2025
AZUA;06:00am / 06:00pm;7;CLAUDIO RADHAMES FILPO DIAZ ;50;CAMIONETA;1;EL BARRO;AZUA DE COMPOSTELA;UNATRAFIN ;Interurbano;N/A;18/7/2025
AZUA;06:00am / 06:00pm;7;EUDIS ANTONIO PEREZ;50;CAMIONETA;1;EL BARRO;AZUA DE COMPOSTELA;UNATRAFIN ;Interurbano;N/A;18/7/2025
AZUA;06:00am / 06:00pm;7;GUILLERMO RAMIREZ;50;CAMIONETA;1;EL BARRO;AZUA DE COMPOSTELA;UNATRAFIN ;Interurbano;N/A;18/7/2025
AZUA;06:00am / 06:00pm;7;JOSE ALTAGRACIA BELTRE ;50;CAMIONETA;1;EL BARRO;AZUA DE COMPOSTELA;UNATRAFIN ;Interurbano;N/A;18/7/2025
AZUA;06:00am / 06:00pm;7;JUAN AUGUSTO DIAZ JIMENEZ;50;CAMIONETA;1;EL BARRO;AZUA DE COMPOSTELA;UNATRAFIN ;Interurbano;N/A;18/7/2025
AZUA;06:00am / 06:00pm;7;JULIO CESAR GUZMAN;50;CAMIONETA;1;EL BARRO;AZUA DE COMPOSTELA;UNATRAFIN ;Interurbano;N/A;18/7/2025
AZUA;06:00am / 06:00pm;7;LUIS EDUARDO DIAZ ;50;CAMIONETA;1;EL BARRO;AZUA DE COMPOSTELA;UNATRAFIN ;Interurbano;N/A;18/7/2025
AZUA;06:00am / 06:00pm;7;LUIS MANUEL DIAZ ;50;CAMIONETA;1;EL BARRO;AZUA DE COMPOSTELA;UNATRAFIN ;Interurbano;N/A;18/7/2025
AZUA;06:00am / 06:00pm;7;RAFAEL AUGUSTO RAMIREZ;50;CAMIONETA;1;EL BARRO;AZUA DE COMPOSTELA;UNATRAFIN ;Interurbano;N/A;18/7/2025
AZUA;06:00am / 06:00pm;7;RAFELITO ORTIZ;50;CAMIONETA;1;EL BARRO;AZUA DE COMPOSTELA;UNATRAFIN ;Interurbano;N/A;18/7/2025
AZUA;07:00AM/ 01:00PM;7;ANGEL DOMINGO SANCHEZ MATOS ;100;MICROBÚS;1;ESTEBANIA;AZUA DE COMPOSTELA;UNATRAFIN ;Interurbano;N/A;18/7/2025
AZUA;07:00AM/ 01:00PM;7;CESAR AUGUSTO SANCHEZ ;100;CARROS;1;ESTEBANIA;AZUA DE COMPOSTELA;UNATRAFIN ;Interurbano;N/A;18/7/2025
AZUA;07:00AM/ 01:00PM;7;GREGORIO SANCHEZ SANCHEZ ;100;MICROBÚS;1;ESTEBANIA;AZUA DE COMPOSTELA;UNATRAFIN ;Interurbano;N/A;18/7/2025
AZUA;07:00AM/ 01:00PM;7;HECTOR MANUEL SANCHEZ MELO ;100;CARROS;1;ESTEBANIA;AZUA DE COMPOSTELA;UNATRAFIN ;Interurbano;N/A;18/7/2025
AZUA;07:00AM/ 01:00PM;7;JOHNNY MAXIMO MATOS SANCHEZ ;100;CARROS;1;ESTEBANIA;AZUA DE COMPOSTELA;UNATRAFIN ;Interurbano;N/A;18/7/2025
AZUA;07:00AM/ 01:00PM;7;MARCIAL MELO ;100;MICROBÚS;1;ESTEBANIA;AZUA DE COMPOSTELA;UNATRAFIN ;Interurbano;N/A;18/7/2025
AZUA;07:00AM/ 01:00PM;7;MIGUEL ANGEL SANCHEZ MATOS ;100;MICROBÚS;0;ESTEBANIA;AZUA DE COMPOSTELA;UNATRAFIN ;Interurbano;N/A;18/7/2025
AZUA;07:00AM/ 01:00PM;7;NELSON BAÑELO SANCHEZ ;100;CARROS Y MICROBUS;1;ESTEBANIA;AZUA DE COMPOSTELA;UNATRAFIN ;Interurbano;N/A;18/7/2025
AZUA;07:00AM/ 01:00PM;7;"PRUDENCIO PINEDA 
 OBDULIO MATOS ";100;CARROS Y MICROBUS;1;ESTEBANIA;AZUA DE COMPOSTELA;CONATRA;Interurbano;N/A;18/7/2025
AZUA;07:00AM/ 01:00PM;7;MANUEL DE REGLA CIPRIAN ;100;CARROS;1;ESTEBANIA;AZUA DE COMPOSTELA;UNATRAFIN ;Interurbano;N/A;18/7/2025
AZUA;07:00AM/ 01:00PM;7;TIRSO NEFTALI SANCHEZ MATOS ;100;MICROBÚS Y CAMIONETA;0;ESTEBANIA;AZUA DE COMPOSTELA;UNATRAFIN ;Interurbano;N/A;18/7/2025
AZUA;06:00am / 06:00pm;7;PABLO ARTURO MEJIA DURAN ;100;MICROBÚS Y CAMIONETA;0;GUANABANA;AZUA DE COMPOSTELA;UNATRAFIN ;Interurbano;N/A;18/7/2025
AZUA;06:00am /06:00pm;7;ASOCHOGUPACA;250;MICROBÚS Y MINIBUS;1;GUAYABAL ;AZUA DE COMPOSTELA;UNATRAFIN ;Interurbano;N/A;18/7/2025
AZUA;06:00am / 06:00pm;7;ASOCHOPRO;100;CARROS;90;LA PLENA;AZUA DE COMPOSTELA;UNATRAFIN ;Interurbano;N/A;18/7/2025
AZUA;06:00am/05:00pm;7;FRANKLIN DE JESUS;100;MICROBÚS;1;LAS CHARCAS;AZUA DE COMPOSTELA;CONATRA;Interurbano;N/A;18/7/2025
AZUA;06:00am/05:00pm;7;JOSE ALTAGRACIA SANCHEZ;100;MICROBÚS;1;LAS CHARCAS;AZUA DE COMPOSTELA;CONATRA;Interurbano;N/A;18/7/2025
AZUA;06:00am/05:00pm;7;RAMON JOSE SANCHEZ;100;MICROBÚS;1;LAS CHARCAS;AZUA DE COMPOSTELA;CONATRA;Interurbano;N/A;18/7/2025
AZUA;06:00AM / 06:00PM;7;"ASOCHODULOMA
(BOLIVAR RAMIREZ) ";75;MICROBÚS;1;LAS LOMAS;AZUA DE COMPOSTELA;UNATRAFIN ;Interurbano;N/A;18/7/2025
AZUA;06:00AM / 06:00PM;7;"ASOCHODULOMA
(HECTOR GABRIEL PEREZ)";75;MICROBÚS;1;LAS LOMAS;AZUA DE COMPOSTELA;UNATRAFIN ;Interurbano;N/A;18/7/2025
AZUA;06:00AM / 06:00PM;7;"ASOCHODULOMA
(LUIS MAÑON)";75;CAMIONETA;1;LAS LOMAS;AZUA DE COMPOSTELA;UNATRAFIN ;Interurbano;N/A;18/7/2025
AZUA;06:00AM / 06:00PM;7;"ASOCHODULOMA
(CRUSITO MATOS)";75;CAMIONETA;1;LAS LOMAS;AZUA DE COMPOSTELA;UNATRAFIN ;Interurbano;N/A;18/7/2025
AZUA;06:00AM / 06:00PM;7;"ASOCHODULOMA
(EDUAL MANUEL SENCION)";75;CAMIONETA;1;LAS LOMAS;AZUA DE COMPOSTELA;UNATRAFIN ;Interurbano;N/A;18/7/2025
AZUA;06:00AM / 06:00PM;7;"ASOCHODULOMA
(FRANCISCO PEREZ)";75;CAMIONETA;1;LAS LOMAS;AZUA DE COMPOSTELA;UNATRAFIN ;Interurbano;N/A;18/7/2025
AZUA;06:00AM / 06:00PM;7;"JOSE AUGUSTO SORIANO 
(ASOCHODULOMA)";75;CAMIONETA;1;LAS LOMAS;AZUA DE COMPOSTELA;UNATRAFIN ;Interurbano;N/A;18/7/2025
AZUA;06:00AM / 06:00PM;7;"JOVINO CALDERON PEREZ 
(ASOCHODULOMA)";75;MICROBÚS;1;LAS LOMAS;AZUA DE COMPOSTELA;UNATRAFIN ;Interurbano;N/A;18/7/2025
AZUA;06:00AM / 06:00PM;7;"ASOCHODULOMA
(MANUEL DE JESUS PEREZ) ";75;MICROBÚS;1;LAS LOMAS;AZUA DE COMPOSTELA;CONATRA;Interurbano;N/A;18/7/2025
AZUA;06:00AM / 06:00PM;7;"ASOCHODULOMA
(MANUEL DE JESUS PEREZ) ";75;CAMIONETA;1;LAS LOMAS;AZUA DE COMPOSTELA;UNATRAFIN ;Interurbano;N/A;18/7/2025
AZUA;06:00AM / 06:00PM;7;"RAILYN NAUT RUSSO 
(ASOCHODULOMA)";75;CAMIONETA;1;LAS LOMAS;AZUA DE COMPOSTELA;UNATRAFIN ;Interurbano;N/A;18/7/2025
AZUA;06:00AM / 06:00PM;7;"RAMON ARTURO CALDERON RAMIREZ
(ASOCHODULOMA)";75;CAMIONETA;1;LAS LOMAS;AZUA DE COMPOSTELA;UNATRAFIN ;Interurbano;N/A;18/7/2025
AZUA;06:00AM / 06:00PM;7;"VICTOR ANTONIO PEREZ
(ASOCHODULOMA)";75;CAMIONETA;1;LAS LOMAS;AZUA DE COMPOSTELA;UNATRAFIN ;Interurbano;N/A;18/7/2025
AZUA;06:00AM / 06:00PM;7;"VICTOR MANUEL SORIANO 
(ASODUCHODULOMA)";75;CAMIONETA;1;LAS LOMAS;AZUA DE COMPOSTELA;UNATRAFIN ;Interurbano;N/A;18/7/2025
AZUA;05:30AM / 04:00PM;7;VICTOR DANIEL MATOS ;550;MICROBÚS;0;LAS YAYAS;SANTO DOMINGO;CONATRA;Interurbano;N/A;18/7/2025
AZUA;07:00AM / 04:00PM;7;ASODUMIYA;75;MICROBÚS Y MINIBUS;5;LAS YAYAS ;AZUA DE COMPOSTELA;CONATRA;Interurbano;N/A;18/7/2025
AZUA;INACTIVA;7;ASODEMA SRL;0;MINIBÚS;9;AZUA;BANÍ;CONATRA;Interurbano;N/A;18/7/2025
AZUA;05:00am/07:00pm;7;ASODEMA;300;MINIBÚS;60;LOS JOBILLOS-BANI ;SANTO DOMINGO ;CONATRA;Interurbano;N/A;18/7/2025
AZUA;05:00am/07:00pm;7;ASODEMA;0;AUTOBÚS;0;LOS JOBILLOS-BANI ;SANTO DOMINGO ;CONATRA;Interurbano;N/A;18/7/2025
AZUA;06:0000am / 06:00pm;7;ASOCHOPRO;100;MICROBÚS;10;LOS NEGROS ;AZUA DE COMPOSTELA;UNATRAFIN ;Interurbano;N/A;18/7/2025
AZUA;06:00AM / 06:00PM;7;FELICIANO BELTRE ;100;MICROBÚS;1;LOS TOROS;AZUA DE COMPOSTELA;UNATRAFIN ;Interurbano;N/A;18/7/2025
AZUA;06:00AM / 06:00PM;7;VICTOR ALFONSO MIESES REYES;100;MICROBÚS;1;LOS TOROS;AZUA DE COMPOSTELA;UNATRAFIN ;Interurbano;N/A;18/7/2025
AZUA;06:00AM / 06:00PM;7;HOMERO MENDEZ;100;MICROBÚS;1;LOS TOROS;AZUA DE COMPOSTELA;UNATRAFIN ;Interurbano;N/A;18/7/2025
AZUA;06:00AM / 06:00PM;7;MILQUIN DARIO LEMOS MATEO ;100;CAMIONETA;1;LOS TOROS;AZUA DE COMPOSTELA;UNATRAFIN ;Interurbano;N/A;18/7/2025
AZUA;inactiva;7;BERNARDO PIMENTEL ;0;CAMIONETA;1;OREGANO CHIQUITO ;AZUA DE COMPOSTELA;NO AFILIADO-S;Interurbano;N/A;18/7/2025
AZUA;06:00AM / 06:00PM;7;ASODUMISPAGO;150;MINIBÚS;25;PADRE LAS CASAS;AZUA DE COMPOSTELA;UNATRAFIN ;Interurbano;N/A;18/7/2025
AZUA;06:00AM / 06:00PM;7;ASODUMISPAGO;150;MINIBÚS;3;PADRE LAS CASAS;SANTO DOMINGO;UNATRAFIN ;Interurbano;N/A;18/7/2025
AZUA;06:00AM / 06:00PM;7;ASODUMISPAGO;400;CAMIONETA;1;PADRE LAS CASAS;SANTO DOMINGO;UNATRAFIN ;Interurbano;N/A;18/7/2025
AZUA;06:00AM / 06:00PM;7;"ASOCHODUVEPE
(JUAN RAMON SANCHEZ)";100;CAMIONETA;31;PERALTA;AZUA DE COMPOSTELA;UNATRAFIN ;Interurbano;N/A;18/7/2025
AZUA;06:00AM / 06:00PM;7;"ASOCHODUVEPE
(HECTOR DOMINGO SANCHEZ)";100;CAMIONETA;2;PERALTA;AZUA DE COMPOSTELA;UNATRAFIN ;Interurbano;N/A;18/7/2025
AZUA;06:00AM / 06:00PM;7;"HERIBERTO PEREZ ALMANZAR (MURIO)
HECTOR ALEXIS SANCHEZ";100;CAMIONETA;13;PERALTA ;LA SABANA;UNATRAFIN ;Interurbano;N/A;18/7/2025
AZUA;06:00AM / 06:00PM;7;ASOCHOPRO;100;MICROBÚS;19;PROYECTO 4;AZUA DE COMPOSTELA;UNATRAFIN ;Interurbano;N/A;18/7/2025
AZUA;06:00AM / 06:00PM;7;ASOCHOPRO;50;MICROBÚS;28;PROYECTO LOS NEGROS 2C ;AZUA DE COMPOSTELA;UNATRAFIN ;Interurbano;N/A;18/7/2025
AZUA;06:00AM / 06:00PM;7; ASOCHODUSA;50;CAMIONETA;55;SABANA YEGUA- KM11;AZUA DE COMPOSTELA;UNATRAFIN ;Interurbano;N/A;18/7/2025
AZUA;06:00AM / 06:00PM;7; ASOCHODUSA;50;MICROBÚS;3;SABANA YEGUA- KM11;AZUA DE COMPOSTELA;UNATRAFIN ;Interurbano;N/A;18/7/2025
AZUA;07:30AM / 04:00PM;7;ALEXIS MENDEZ ;100;MINIBÚS;1;SAJANOA;AZUA DE COMPOSTELA;UNATRAFIN ;Interurbano;N/A;18/7/2025
AZUA;07:30AM / 04:00PM;7;FELIZ ANTONIO PEREZ;100;MINIBÚS;1;SAJANOA;AZUA DE COMPOSTELA;UNATRAFIN ;Interurbano;N/A;18/7/2025
AZUA;06:00AM / 05:00PM;7;ASOCHOCOPO;100;CAMIONETA;9;TABARA ABAJO;AZUA DE COMPOSTELA;UNATRAFIN ;Interurbano;N/A;18/7/2025
AZUA;06:00AM / 05:00PM;7;ASOCHOCOPO;100;MICROBÚS;0;TABARA ABAJO;AZUA DE COMPOSTELA;UNATRAFIN ;Interurbano;N/A;18/7/2025
AZUA;06:00am / 06:00pm;7;AIBAN GABRIEL PEREZ;100;MICROBÚS;1;TABARA ARRIBA;AZUA DE COMPOSTELA;UNATRAFIN ;Interurbano;N/A;18/7/2025
AZUA;06:00am / 06:00pm;7;NESTOR JULIO PEREZ;100;MICROBÚS;1;TABARA ARRIBA;AZUA DE COMPOSTELA;UNATRAFIN ;Interurbano;N/A;18/7/2025
AZUA;06:00am / 06:00pm;7;NICOLAS AUGUSTO SENCION;100;MICROBÚS;1;TABARA ARRIBA;AZUA DE COMPOSTELA;UNATRAFIN ;Interurbano;N/A;18/7/2025
AZUA;06:00am / 06:00pm;7;DEYSI RAMIREZ LARA ;100;MINIBÚS;1;TABARA ARRIBA;AZUA DE COMPOSTELA;UNATRAFIN ;Interurbano;N/A;18/7/2025
AZUA;06:00am / 06:00pm;7;FREDDY VICTOR SANCHEZ PEREZ;100;MINIBÚS;1;TABARA ARRIBA;AZUA DE COMPOSTELA;UNATRAFIN ;Interurbano;N/A;18/7/2025
SAN CRISTOBAL ;05:00AM / 10:00PM;7;ASOPROMIYA;100;MINIBÚS;40;YAGUATE ;SANTO DOMINGO ( AUT. 6 DE NOVIEMBRE);FENATRANO;Interurbano;N/A;18/7/2025
SAN JOSE DE OCOA;06:00AM / 06:00PM;7;ASODUCHOMISALA;50;MICROBÚS;6;SAN JOSE DE OCOA;SABANA LARGA;CONATRA-A;Interurbano;N/A;18/7/2025
SAN JOSE DE OCOA;04:00AM / 02:00PM;7;ASODUMICOA;400;MINIBÚS;1;EL PINAL - SAN JOSE DE OCOA;SANTO DOMINGO;CONATRA;Interurbano;N/A;18/7/2025
SAN JOSE DE OCOA;04:00AM / 02:00PM;7;ASODUMICOA;400;MINIBÚS;1;LA CIENAGA ;SANTO DOMINGO ;CONATRA;Interurbano;N/A;18/7/2025
SAN JOSE DE OCOA;04:00AM / 02:00PM;7;ASODUMICOA;325;MINIBÚS;26;SAN JOSE DE OCOA;SANTO DOMINGO ;CONATRA;Interurbano;N/A;18/7/2025
SAN JOSE DE OCOA;06:00AM / 06:00PM;7;CRISTIAN ALBERTO RAMIREZ;200;CAMIONETA;1;SAN JOSE DE OCOA;PALO DE CAJA ;CONATRA;Interurbano;N/A;18/7/2025
SAN JOSE DE OCOA;06:00AM / 06:00PM;7;JUAN ANTONIO CHALAS BAEZ;200;CAMIONETA;1;SAN JOSE DE OCOA;PALO DE CAJA ;CONATRA;Interurbano;N/A;18/7/2025
SAN JOSE DE OCOA;06:00AM / 06:00PM;7;JUAN BAUTISTA CASTILLO ;100;CAMIONETA;1;SAN JOSE DE OCOA;LA CIENAGA;CONATRA;Interurbano;N/A;18/7/2025
SAN JOSE DE OCOA;06:00AM / 06:00PM;7;MARCOS NILSON MORDAN REYNA;250;CAMIONETA;1;SAN JOSE DE OCOA;LOS TRAMOJOS;CONATRA;Interurbano;N/A;18/7/2025
SAN JOSE DE OCOA;06:00AM / 06:00PM;7;RAFAEL DARIO CASTILLO VILLAR;200;CAMIONETA;1;SAN JOSE DE OCOA;PALO DE CAJA ;CONATRA;Interurbano;N/A;18/7/2025
SAN JOSE DE OCOA;06:00AM / 06:00PM;7;ASODUCHOMIJORAM;275;MICROBÚS;29;SAN JOSE DE OCOA;RANCHO ARRIBA ;CONATRA;Interurbano;N/A;18/7/2025
SAN JOSE DE OCOA;06:00AM / 06:00PM;7;JOSE ALTAGRACIA ARIAS CASTILLO;100;CAMIONETA;1;SAN JOSE DE OCOA;LAS AUYAMAS;CONATRA;Interurbano;N/A;18/7/2025
SAN JOSE DE OCOA;06:00AM / 06:00PM;7;JUAN ADONAI SOTO;200;CAMIONETA;1;SAN JOSE DE OCOA;PALO DE CAJA ;CONATRA;Interurbano;N/A;18/7/2025
SAN JOSE DE OCOA;06:00AM / 06:00PM;7;JUAN BAUTISTA ARIAS PINALES;200;CAMIONETA;1;SAN JOSE DE OCOA; ROSALITO;CONATRA;Interurbano;N/A;18/7/2025
AZUA;06:00am / 06:00pm;7;RAFAEL EDUARDO RAMIREZ SOLIS;50;CAMIONETA;0;EL BARRO;AZUA DE COMPOSTELA;NO AFILIADO-S;Interurbano;N/A;18/7/2025
AZUA;06:00am / 06:00pm;7;RAMON EMILIO DIAZ;50;CAMIONETA;0;EL BARRO;AZUA DE COMPOSTELA;NO AFILIADO-S;Interurbano;N/A;18/7/2025
AZUA;06:00am / 06:00pm;7;SOCIEDAD POR EL DESARROLLO DE AMIAMA GOMEZ;125;MICROBÚS;0;AMIAMA GOMEZ;AZUA DE COMPOSTELA;NO AFILIADO-S;Interurbano;N/A;18/7/2025
AZUA;06:00am / 0600pm;7;GERINERDO ESTEVAN MEDINA ROSARIO;100;MICROBÚS;1;LOS TOROS;AZUA DE COMPOSTELA;NO AFILIADO-S;Interurbano;N/A;18/7/2025
PERAVIA;06:00AM / 06:00PM;7;SICHOCOMIBA;125;MICROBÚS;18;BANI;SAN CRISTOBAL;FENATRANO;Interurbano;N/A;18/7/2025
PERAVIA;06:00AM / 06:00PM;7;ASOCHOTABA;200;MICROBÚS;6;BANI; LAS TABLAS;FENATRANO;Interurbano;N/A;18/7/2025
PERAVIA;05:00AM / 07:00PM;7;ASOMIBA;175;MINIBÚS;100;BANI;SANTO DOMINGO;FENATRANO;Interurbano;N/A;18/7/2025
PERAVIA;06:00AM / 06:00PM;7;ASOMICABA;70;MINIBÚS;4;BANI; MATANZAS;CONATRA;Interurbano;N/A;18/7/2025
PERAVIA;06:00AM / 06:00PM;7;ASOTRABAO;200;MICROBÚS;25;BANI; OCOA;CONATRA;Interurbano;N/A;18/7/2025
PERAVIA;06:00AM / 06:00PM;7;ASOMICABA;50;MICROBÚS;1;BANI;CAÑAFISTOL;CONATRA;Interurbano;N/A;18/7/2025
PERAVIA;06:00AM / 06:00PM;7;ASOMICABA;80;MINIBÚS;1;BANI;QUIJA QUIETA;CONATRA;Interurbano;N/A;18/7/2025
PERAVIA;06:00AM / 06:00PM;7;ASOMICABA;100;MINIBÚS;4;BANI; CALDERAS -SALINAS;CONATRA;Interurbano;N/A;18/7/2025
PERAVIA;06:00AM / 06:00PM;7;ASOMICABA;85;MINIBÚS;1;BANI;ARROYO HONDO;CONATRA;Interurbano;N/A;18/7/2025
PERAVIA;06:00AM / 06:00PM;7;ASOMICABA;110;MINIBÚS;3;BANI;PALMAR DE OCOA;CONATRA;Interurbano;N/A;18/7/2025
PERAVIA;06:00AM / 06:00PM;7;ASOMICABA;40;MINIBÚS;7;BANI;PAYA;CONATRA;Interurbano;N/A;18/7/2025
PERAVIA;06:00AM / 06:00PM;7;ASOMICABA;100;MINIBÚS;6;BANI;SABANA BUEY;CONATRA;Interurbano;N/A;18/7/2025
PERAVIA;06:00AM / 06:00PM;7;"VICTOR ORLANDO GONZALES
 MILTON DE LOS REMEDIO GONZALEZ";100;MINIBÚS;1;BANI; HAITILLO;CONATRA;Interurbano;N/A;18/7/2025
PERAVIA;06:00AM / 06:00PM;7;ASOMIBA;240;MINIBÚS;1;FUNDACION (SABANA BUEY);SANTO DOMINGO;FENATRANO;Interurbano;N/A;18/7/2025
PERAVIA;05:00AM / 03:00PM;7;ASODUCHOBA SRL;100;MICROBÚS;26;LAS BARIAS;BANI;NO AFILIADO-S;Interurbano;N/A;18/7/2025
PERAVIA;06:00AM / 06:00PM;7;ASOMILCA;75;MINIBÚS;4;LAS CARRERAS; BANI;CONATRA;Interurbano;N/A;18/7/2025
PERAVIA;06:00AM / 07:00PM;7;ASOMINIZA;150;MINIBÚS;16;NIZAO;SANTO DOMINGO ;FENATRANO;Interurbano;N/A;18/7/2025
PERAVIA;06:00AM / 07:00PM;7;ASOMINIZA;125;MINIBÚS;8;NIZAO;BANI;FENATRANO;Interurbano;N/A;18/7/2025
PERAVIA;05:00AM / 03:00PM;7;ASOMIBA;110;MINIBÚS;2;PALMAR DE OCOA;SANTO DOMINGO;FENATRANO;Interurbano;N/A;18/7/2025
PERAVIA;07:00PM / 02:00PM;7;JOSE ALTAGRACIA CAMINERO DIAZ;100;MICROBÚS;1;SABANA LARGA (CARRETON); BANI;UNATRAFIN ;Interurbano;N/A;18/7/2025
PERAVIA;07:00PM / 02:00PM;7;JUAN ORLANDO BAUTISTA;100;MICROBÚS;1;SABANA LARGA (CARRETON); BANI;UNATRAFIN ;Interurbano;N/A;18/7/2025
PERAVIA;07:00PM / 02:00PM;7;"SANTO LORENZO Y CARMONA HERNANDEZ
 ROBERTO MARINO CARMONA
MANOLIN RICHARD BAUSTISTA RODRIGUEZ";100;CAMIONETA;1;SABANA LARGA (CARRETON); BANI;UNATRAFIN ;Interurbano;N/A;18/7/2025
PERAVIA;07:00PM / 02:00PM;7;SANTO LUGO;100;MICROBÚS;2;SABANA LARGA (CARRETON); BANI;UNATRAFIN ;Interurbano;N/A;18/7/2025
PERAVIA;07:00PM / 02:00PM;7;SANTO GONZALEZ;100;CAMIONETA;1;SABANA LARGA (CARRETON); BANI;UNATRAFIN ;Interurbano;N/A;18/7/2025
PERAVIA;05:00AM / 03:00PM;7;ASOMIBA;200;MICROBÚS;2;SOMBRERO (BANI); SANTO DOMINGO;FENATRANO;Interurbano;N/A;18/7/2025
PERAVIA;05:00AM / 03:00PM;7;CESAR BOLIVAR SOTO PIMENTEL;200;MICROBÚS;1;SOMBRERO (BANI); SANTO DOMINGO;FENATRANO;Interurbano;N/A;18/7/2025
PERAVIA;06:00AM / 06:PM;7;LUIS ENRIQUE VILLALONA GUERRERO;75;CAMIONETA;1;MONTERIA;BANI;NO AFILIADO-S;Interurbano;N/A;18/7/2025
PERAVIA;05:00AM / 03:00PM;7;RAFAEL PIMENTEL;75;MICROBÚS;1;MONTERIA-BANI;SANTO DOMINGO;NO AFILIADO-S;Interurbano;N/A;18/7/2025
SAN CRISTOBAL ;05:30am / 12:00am;7;SICHOHADOC;80;MICROBÚS;60;BAJOS DE HAINA;SANTO DOMINGO OESTE;FENATRANO;Interurbano;N/A;18/7/2025
SAN CRISTOBAL ;06:00am / 07:30pm;7;SINCHOCOHANISAN (EMTRAHAMISAN);60;MICROBÚS Y MINIBUS ;4;BAJOS DE HAINA ;SAN CRISTOBAL;CONATRA;Interurbano;N/A;18/7/2025
SAN CRISTOBAL ;05:00am / 10:00pm;7;TRANSPORTE QUITA SUEÑO (RUTA 66);40;MINIBÚS;17;CABON;SANTO DOMINGO;FENATRANO;Interurbano;N/A;18/7/2025
SAN CRISTOBAL ;05:00AM / 07:00PM;7;"ASOCHOCASAN
ASOCHOCAMBI";100;CARROS Y MICROBUS;97;CAMBITA GARABITO;SAN CRISTOBAL;CONATRA;Interurbano;N/A;18/7/2025
SAN CRISTOBAL ;05:00am / 10:00pm;7;TRANSPORTE QUITA SUEÑO (RUTA 66);60;MINIBÚS;0;EL CARRIL;SANTO DOMINGO;FENATRANO;Interurbano;N/A;18/7/2025
SAN CRISTOBAL ;05:00am / 10:00pm;7;TRANSPORTE QUITA SUEÑO (RUTA 66);40;MINIBÚS;18;EL MANGO;SANTO DOMINGO;FENATRANO;Interurbano;N/A;18/7/2025
SAN CRISTOBAL ;05:30am / 06:00PM;7;ASOCHOHADA;50;MICROBÚS;1;HATO DAMAS;SAN CRISTOBAL;CONATRA;Interurbano;N/A;18/7/2025
SAN CRISTOBAL ;05:30am / 06:00PM;7;ASOCHOHADA;50;CAMIONETA;5;HATO DAMAS;SAN CRISTOBAL;CONATRA;Interurbano;N/A;18/7/2025
SAN CRISTOBAL ;06:25AM / 06:50PM;7;ASOCIACION DE CHOFERES INGENIO NUEVO;50;CAMIONETA;1;INGENIO NUEVO;SAN CRISTOBAL;FENATRANO;Interurbano;N/A;18/7/2025
SAN CRISTOBAL ;06:25AM / 06:50PM;7;ASOCIACION DE CHOFERES INGENIO NUEVO;50;MICROBÚS Y CARROS;1;INGENIO NUEVO;SAN CRISTOBAL;FENATRANO;Interurbano;N/A;18/7/2025
SAN CRISTOBAL ;05:00am / 07:00pm;7;ASOCHOJAMEY;100;MICROBÚS Y CAMIONETA ;0;JAMEY ;SAN CRISTOBAL;CONATRA;Interurbano;N/A;18/7/2025
SAN CRISTOBAL ;05:00am / 10:00pm;7;TRANSPORTE QUITA SUEÑO (RUTA 66);60;MINIBÚS;16;LA PARED;SANTO DOMINGO;FENATRANO;Interurbano;N/A;18/7/2025
SAN CRISTOBAL ;06:00AM / 06:40PM;7;ANDRES FÉLIX ;50;MICROBÚS;9;LOS ANONES;SAN CRISTOBAL;FENATRANO;Interurbano;N/A;18/7/2025
SAN CRISTOBAL ;05:30am / 06:00PM;7;ASODUMICA;150;CAMIONETA;18;LOS CACAOS;SAN CRISTOBAL;CONATRA;Interurbano;N/A;18/7/2025
SAN CRISTOBAL ;05:30am / 06:00PM;7;ASODUMICA;150;MICROBÚS Y CAMIONETA ;15;LOS CACAOS;SAN CRISTOBAL;CONATRA;Interurbano;N/A;18/7/2025
SAN CRISTOBAL ;05:00am / 10:00pm;7;TRANSPORTE QUITA SUEÑO (RUTA 66);60;MINIBÚS;16;MAGDALENA;SANTO DOMINGO;FENATRANO;Interurbano;N/A;18/7/2025
SAN CRISTOBAL ;05:30am / 07:00pm;7;ASOCHOCAMASANCRI;150;CAMIONETA;8;MANA(YAGUATE);SAN CRISTOBAL;CONATRA;Interurbano;N/A;18/7/2025
SAN CRISTOBAL ;06:00AM / 05:30PM;7;ASOCHOMESADO;100;CARROS Y MICROBUS;47;MEDINA (SAN CRISTOBAL);SANTO DOMINGO;CONATRA;Interurbano;N/A;18/7/2025
SAN CRISTOBAL ;06:00PM / 07:30PM;7;ASOCHODUCASANCRIS;75;MICROBÚS Y CARROS;18;NAJAYO ARRIBA; SAN CRISTOBAL;FENATRANO;Interurbano;N/A;18/7/2025
SAN CRISTOBAL ;05:00am / 10:30pm;7;ASODUMIHA;80;MINIBÚS;53;NIGUA-HAINA ;SANTO DOMINGO;FENATRANO;Interurbano;N/A;18/7/2025
SAN CRISTOBAL ;05:00am / 06:00pm;7;SINCHOCANIZA;75;CARROS;31;LAS LOMAS (NAJAYO AL MEDIO )-NIZA;SAN CRISTOBAL;CONATRA;Interurbano;N/A;18/7/2025
SAN CRISTOBAL ;05:00am / 08:00pm;7;SINDUCHOCOPA;175;MINIBÚS;33;PALENQUE;SAN CRISTOBAL SANTO DOMINGO;FENATRANO;Interurbano;N/A;18/7/2025
SAN CRISTOBAL ;06:00AM / 09:00PM;7;SICHOPARED;50;MICROBÚS;16;PIEDRA BLANCA ;LA PARED;FENATRANO;Interurbano;N/A;18/7/2025
SAN CRISTOBAL ;05:00am / 10:00pm;7;ASOCHONI;60;MICROBÚS;53;SAN CREGORIO DE NIGUA;SANTO DOMINGO OESTE;FENATRANO;Interurbano;N/A;18/7/2025
SAN CRISTOBAL ;05:00am / 10:00pm;7;SICHOPIS;75;MICROBÚS;31;SAN CRISTOBAL;SANTO DOMINGO OESTE;FENATRANO;Interurbano;N/A;18/7/2025
SAN CRISTOBAL ;05:00am / 10:30pm;7;SINCHODENCRIS RUTA-A;120;MINIBÚS;30;SAN CRISTOBAL;" SANTO DOMINGO
(AUT. 6 DE NOVIEMBRE)";CONATRA;Interurbano;N/A;18/7/2025
;N/A;7;SINCHODENCRIS RUTA-A;0;;;SAN CRISTOBAL;"SANTO DOMINGO
(CARRETERA SANCHEZ)";N/A;Interurbano;N/A;18/7/2025
SAN CRISTOBAL ;05:00am / 06:00pm;7;ASOCHOSANCRIS;100;CAMIONETA;23;SAN CRISTOBAL ;MEDINA - EL BADEN;CONATRA;Interurbano;N/A;18/7/2025
SAN CRISTOBAL ;05:00am / 10:30pm;7;UNACHOSIN (RUTA-B);120;MINIBÚS;140;SAN CRISTOBAL ;"SANTO DOMINGO
(CARRETERA SANCHEZ)";CONATRA;Interurbano;N/A;18/7/2025
SAN CRISTOBAL ;05:00am / 06:00pm;7;SINDCHORA;100;CAMIONETA;36;SAN FRANCISCO-EL RAMON; SAN CRISTOBAL;CONATRA;Interurbano;N/A;18/7/2025
SAN CRISTOBAL ;inactiva;7; SINDICATO DE CHOFERES SOCIAL CRISTIANO DE VILLA ALTAGRACIA ;0;CARROS;22;VILLA ALTAGRACIA;EL BADEN -MEDINA ;CONATRA;Interurbano;N/A;18/7/2025
SAN CRISTOBAL ;05:00am / 10:00pm;7;ASOPROVILLA;100;CARROS;46;VILLA ALTAGRACIA;SANTO DOMINGO;CONATRA;Interurbano;N/A;18/7/2025
SAN CRISTOBAL ;05:00am / 10:00pm;7;ASOPROVILLA;100;CARROS;47;VILLA ALTAGRACIA;SANTO DOMINGO (NOCTURNA);CONATRA;Interurbano;N/A;18/7/2025
SAN CRISTOBAL ;04:30AM / 08:00PM;7;ASOCHOTRAPUVA;50;CARROS;40;VILLA ALTAGRACIA ;EL PUERTO;CONATRA;Interurbano;N/A;18/7/2025
SAN CRISTOBAL ;05:00am / 10:00pm;7;SICHOVA;100;MICROBÚS, CARRO Y MINIBUS;26;VILLA ALTAGRACIA;SANTO DOMINGO;CONATRA;Interurbano;N/A;18/7/2025
SAN CRISTOBAL ;06:00AM / 05:30PM;7;SINCHODEYA;50;MICROBÚS Y MINIBUS;26;YAGUATE;SAN CRISTOBAL;FENATRANO;Interurbano;N/A;18/7/2025
SAN CRISTOBAL;05:00am / 10:00pm;7;AGUSTIN TRINIDAD DE LA CRUZ;100;CARROS;1;SAN JOSE EL PUERTO;SANTO DOMINGO;NO AFILIADO-S;Interurbano;N/A;18/7/2025
SAN CRISTOBAL;05:00am / 10:00pm;7;ARCADIO OVALLES PADILLA;100;CARROS;1;SAN JOSE EL PUERTO;SANTO DOMINGO;NO AFILIADO-S;Interurbano;N/A;18/7/2025
SAN CRISTOBAL;05:00am / 10:00pm;7;AURELIA ALTAGRACIA LOPEZ;100;CARROS;1;SAN JOSE EL PUERTO;SANTO DOMINGO;NO AFILIADO-S;Interurbano;N/A;18/7/2025
SAN CRISTOBAL;05:00am / 10:00pm;7;"CANDIDO TRINIDAD FLORES
LEONAEL HIDALGO TAVARES";100;CARROS;1;SAN JOSE EL PUERTO;SANTO DOMINGO;NO AFILIADO-S;Interurbano;N/A;18/7/2025
SAN CRISTOBAL;05:00am / 10:00pm;7;CIRILO CORREA ADAMES;100;CARROS;1;SAN JOSE EL PUERTO;SANTO DOMINGO;NO AFILIADO-S;Interurbano;N/A;18/7/2025
SAN CRISTOBAL;05:00am / 10:00pm;7;CLAUDIO ALEJANDRO CASTILLO HERNANDEZ;100;CARROS;1;SAN JOSE EL PUERTO (VILLA POR FUERA);SANTO DOMINGO;NO AFILIADO-S;Interurbano;N/A;18/7/2025
SAN CRISTOBAL;05:00am / 10:00pm;7;DOMINGO ANTONIO NUÑEZ;100;CARROS;1;SAN JOSE EL PUERTO;SANTO DOMINGO;NO AFILIADO-S;Interurbano;N/A;18/7/2025
SAN CRISTOBAL;INACTIVO;7;"EDDY ANTONIO VASQUEZ ROQUEZ
ALMELIO DE LA ROSA";0;CARROS;1;SAN JOSE EL PUERTO;SANTO DOMINGO;NO AFILIADO-S;Interurbano;N/A;18/7/2025
SAN CRISTOBAL;05:00am / 10:00pm;7;ELVIO ANTONIO RODRIGUEZ LORA;100;CARROS;1;SAN JOSE EL PUERTO;SANTO DOMINGO;NO AFILIADO-S;Interurbano;N/A;18/7/2025
SAN CRISTOBAL;05:00am / 10:00pm;7;FELIPE CASILLA;100;CARROS;1;SAN JOSE EL PUERTO (VILLA POR FUERA);SANTO DOMINGO;NO AFILIADO-S;Interurbano;N/A;18/7/2025
SAN CRISTOBAL;05:00am / 10:00pm;7;GUADALUPE REINOSO MARTE;100;CARROS;1;SAN JOSE EL PUERTO;SANTO DOMINGO;NO AFILIADO-S;Interurbano;N/A;18/7/2025
SAN CRISTOBAL;05:00am / 10:00pm;7;GUMERCINO VALDEZ;100;CARROS;1;SAN JOSE EL PUERTO;SANTO DOMINGO;NO AFILIADO-S;Interurbano;N/A;18/7/2025
SAN CRISTOBAL;05:00am / 10:00pm;7;INOCENCIO SANTOS RODRIGUEZ;100;CARROS;1;SAN JOSE EL PUERTO;SANTO DOMINGO;NO AFILIADO-S;Interurbano;N/A;18/7/2025
SAN CRISTOBAL;05:00am / 10:00pm;7;ISAEL RODRIGUEZ DE LOS SANTOS;100;CARROS;1;SAN JOSE EL PUERTO;SANTO DOMINGO;NO AFILIADO-S;Interurbano;N/A;18/7/2025
SAN CRISTOBAL;05:00am / 10:00pm;7;JOSE DEMETRIO TAVAREZ MORALES;100;CARROS;1;SAN JOSE EL PUERTO (VILLA POR FUERA);SANTO DOMINGO;NO AFILIADO-S;Interurbano;N/A;18/7/2025
SAN CRISTOBAL;05:00am / 10:00pm;7;JOSE FERNANDO FLORES FELIX;100;CARROS;1;SAN JOSE EL PUERTO;SANTO DOMINGO;NO AFILIADO-S;Interurbano;N/A;18/7/2025
SAN JOSE DE OCOA;06:00AM / 06:00PM;7;RAFAEL DANIEL ARIAS ;250;CAMIONETA;1;SAN JOSE DE OCOA;EL BUEY ;CONATRA;Interurbano;N/A;18/7/2025
SAN JOSE DE OCOA;06:00AM / 06:00PM;7;RAMON DE LA CRUZ;200;CAMIONETA;1;SAN JOSE DE OCOA; ROSALITO;CONATRA;Interurbano;N/A;18/7/2025
SAN JOSE DE OCOA;06:00AM / 06:00PM;7;WILKIN JOSE MEDINA;200;CAMIONETA;1;SAN JOSE DE OCOA; ROSALITO;CONATRA;Interurbano;N/A;18/7/2025
SAN JOSE DE OCOA;INACTIVA;7;JUAN SANCHEZ;0;CAMIONETA;2;SAN JOSE DE OCOA;LOS ANONES ;CONATRA;Interurbano;N/A;18/7/2025
SAN JOSE DE OCOA;06:00AM / 06:00PM;7;LUIS ERNESTO SOTO;200;CAMIONETA;1;SAN JOSE DE OCOA;PALO DE CAJA ;CONATRA;Interurbano;N/A;18/7/2025
SAN JOSE DE OCOA;05:00AM / 03:00PM;7;ASODUMICHORRA;275;MICROBÚS;3;RANCHO ARRIBA;PIEDRA BLANCA;CONATRA;Interurbano;N/A;18/7/2025
SAN JOSE DE OCOA;04:00AM / 02:00PM;7;ASODUMICOA;300;MINIBÚS;1;RANCHO ARRIBA;SANTO DOMINGO ;CONATRA;Interurbano;N/A;18/7/2025
SAN JOSE DE OCOA;04:00AM / 02:00PM;7;ASODUMICOA;350;MINIBÚS;3;SABANA LARGA;SANTO DOMINGO ;CONATRA;Interurbano;N/A;18/7/2025
SAN JOSE DE OCOA;06:00AM / 06:00PM;7;EDWARD ALEXIS MEJIA;150;CAMIONETA;1;SAN JOSE DE OCOA;LA HORMA;CONATRA;Interurbano;N/A;18/7/2025
SAN JOSE DE OCOA;06:00AM / 06:00PM;7;DAVID SANTOS ;150;CAMIONETA;1;SAN JOSE DE OCOA;LA HORMA;CONATRA;Interurbano;N/A;18/7/2025
SAN JOSE DE OCOA;06:00AM / 06:00PM;7;NESTOR DANILO SOTO;200;CAMIONETA;1;SAN JOSE DE OCOA; ROSALITO;CONATRA;Interurbano;N/A;18/7/2025
AZUA;06:00AM / 06:00PM;7;AGUSTIN DE LOS SANTOS CUSTODIO PEREZ;75;CAMIONETA;;LAS LOMAS;AZUA DE COMPOSTELA;NO AFILIADO-S;Interurbano;N/A;18/7/2025
AZUA;06:00AM / 04:00PM;7;AMERICO MEDINA MENDEZ;100;MICROBÚS;0;TABARA ARRIBA;AZUA DE COMPOSTELA;NO AFILIADO-S;Interurbano;N/A;18/7/2025
AZUA;INACTIVA;7;ANGEL PLUTARCO SEGURA GALVAN;0;CAMIONETA;0;MONTE BONITO;PADRE LAS CASAS;NO AFILIADO-S;Interurbano;N/A;18/7/2025
AZUA;06:00AM / 06:00PM;7;ANGEL SALVADOR SANCHEZ;75;MICROBÚS;;LAS LOMAS;AZUA DE COMPOSTELA;NO AFILIADO-S;Interurbano;N/A;18/7/2025
AZUA;06:00am / 07:00pm;7;"BOLIVAR LEBRON VICENTE
JUAN MANUEL VICENTE";100;CAMIONETA;0;LAS LAGUNAS;PADRE LAS CASAS;NO AFILIADO-S;Interurbano;N/A;18/7/2025
AZUA;06:00am / 07:00pm;7;"BOLIVAR LEBRON VICENTE
JUAN MANUEL VICENTE";100;MICROBÚS;0;LAS LAGUNAS;PADRE LAS CASAS;NO AFILIADO-S;Interurbano;N/A;18/7/2025
AZUA;06:00am / 06:00pm;7;CLARITZA ESTHER;50;CAMIONETA;0;EL BARRO;AZUA DE COMPOSTELA;NO AFILIADO-S;Interurbano;N/A;18/7/2025
AZUA;06:00am / 06:00pm;7;FREDDY PINALES;50;CAMIONETA;0;EL BARRO;AZUA DE COMPOSTELA;NO AFILIADO-S;Interurbano;N/A;18/7/2025
AZUA;06:35AM / 04:00PM;7;MANUEL EMILIO DIAZ FIGUEREO;125;MICROBÚS;0;BARRERA FINCA 6;AZUA DE COMPOSTELA;NO AFILIADO-S;Interurbano;N/A;18/7/2025
AZUA;06:00am / 06:00pm;7;MANUEL PATRICIO;50;CAMIONETA;0;EL BARRO;AZUA DE COMPOSTELA;NO AFILIADO-S;Interurbano;N/A;18/7/2025
AZUA;ILEGAL;7;OPERADOR ILEGAL;0;CAMIONETA;0;SIEMBRA;PADRE LAS CASAS;NO AFILIADO-S;Interurbano;N/A;18/7/2025
AZUA;ILEGAL;7;OPERADOR ILEGAL;0;MINIBÚS;0;GUAYABAL;SANTO DOMINGO;NO AFILIADO-S;Interurbano;N/A;18/7/2025
AZUA;06:00am / 06:00pm;7;OSCAR;100;MICROBÚS;0;ESTEBANIA;AZUA DE COMPOSTELA;NO AFILIADO-S;Interurbano;N/A;18/7/2025
SAN CRISTOBAL;05:00am / 10:00pm;7;JOSE LUIS FLORES;100;CARROS;1;SAN JOSE EL PUERTO (VILLA POR FUERA);SANTO DOMINGO;NO AFILIADO-S;Interurbano;N/A;18/7/2025
SAN CRISTOBAL;05:00am / 10:00pm;7;LUIS AMPARO PEREZ PEREZ;100;CARROS;1;SAN JOSE EL PUERTO;SANTO DOMINGO;NO AFILIADO-S;Interurbano;N/A;18/7/2025
SAN CRISTOBAL;05:00am / 10:00pm;7;LUIS ANDRES TAVAREZ MONEGRO;100;CARROS;1;SAN JOSE EL PUERTO;SANTO DOMINGO;NO AFILIADO-S;Interurbano;N/A;18/7/2025
SAN CRISTOBAL;05:00am / 10:00pm;7;LUIS MARTINEZ FIGUEROA;100;CARROS;1;SAN JOSE EL PUERTO;SANTO DOMINGO;NO AFILIADO-S;Interurbano;N/A;18/7/2025
SAN CRISTOBAL;05:00am / 10:00pm;7;MATIAS PANIAGUA MILANO;100;CARROS;1;SAN JOSE EL PUERTO;SANTO DOMINGO;NO AFILIADO-S;Interurbano;N/A;18/7/2025
SAN CRISTOBAL;05:00am / 10:00pm;7;NICOLAS CABRAL SUERO;100;CARROS;1;SAN JOSE EL PUERTO;SANTO DOMINGO;NO AFILIADO-S;Interurbano;N/A;18/7/2025
SAN CRISTOBAL;05:00am / 10:00pm;7;PACIFICO UREÑA;100;CARROS;1;SAN JOSE EL PUERTO (VILLA POR FUERA);SANTO DOMINGO;NO AFILIADO-S;Interurbano;N/A;18/7/2025
SAN CRISTOBAL;05:00am / 10:00pm;7;PEDRO RAMOS GONZALEZ;100;CARROS;1;SAN JOSE EL PUERTO;SANTO DOMINGO;NO AFILIADO-S;Interurbano;N/A;18/7/2025
SAN CRISTOBAL;05:00am / 10:00pm;7;PORFIRIO DE LEON;100;CARROS;1;SAN JOSE EL PUERTO;SANTO DOMINGO;NO AFILIADO-S;Interurbano;N/A;18/7/2025
SAN CRISTOBAL;05:00am / 10:00pm;7;RAMON LANTIGUA;100;CARROS;1;SAN JOSE EL PUERTO;SANTO DOMINGO;NO AFILIADO-S;Interurbano;N/A;18/7/2025
SAN CRISTOBAL;05:00am / 10:00pm;7;RAMON VASQUEZ BONILLA;100;CARROS;1;SAN JOSE EL PUERTO;SANTO DOMINGO;NO AFILIADO-S;Interurbano;N/A;18/7/2025
SAN CRISTOBAL;05:00am / 10:00pm;7;ROBIR SAMBOY DE LA CRUZ;100;CARROS;1;SAN JOSE EL PUERTO;SANTO DOMINGO;NO AFILIADO-S;Interurbano;N/A;18/7/2025
SAN CRISTOBAL;05:00am / 10:00pm;7;RUTH KARINA DEL CORAZON DE JESUS REYES;100;CARROS;1;SAN JOSE EL PUERTO;SANTO DOMINGO;NO AFILIADO-S;Interurbano;N/A;18/7/2025
SAN CRISTOBAL;05:00am / 10:00pm;7;SILVANO ANTONIO NUÑEZ;100;CARROS;1;SAN JOSE EL PUERTO;SANTO DOMINGO;NO AFILIADO-S;Interurbano;N/A;18/7/2025
SAN CRISTOBAL;05:00am / 10:00pm;7;SOCORRO PEREZ DE JESUS;100;CARROS;1;SAN JOSE EL PUERTO;SANTO DOMINGO;NO AFILIADO-S;Interurbano;N/A;18/7/2025
SAN CRISTOBAL;05:00am / 10:00pm;7;SUSANA DAHIANA FLORES FELIX;100;CARROS;1;SAN JOSE EL PUERTO;SANTO DOMINGO;NO AFILIADO-S;Interurbano;N/A;18/7/2025
BAHORUCO;06:00AM / 06:00PM;7;ACHOTRADUMIZOCA;150;MICROBÚS;7;BATEY 2;SANTA CRUZ DE BARAHONA;UNATRAFIN ;Interurbano;N/A;18/7/2025
BAHORUCO;06:00AM / 06:00PM;7;ACHOTRADUMIZOCA;150;MINIBÚS;1;BATEY 2;SANTA CRUZ DE BARAHONA;UNATRAFIN ;Interurbano;N/A;18/7/2025
BAHORUCO;05:00AM / 05:00PM;7;ASOCHODUMIBA;500;MINIBÚS;33;LOS RIOS-NEIBA;SANTO DOMINGO;CONATRA;Interurbano;N/A;18/7/2025
BAHORUCO;05:00AM / 05:00PM;7;ASOCHODUMIBA;500;AUTOBÚS;0;LOS RIOS-NEIBA;SANTO DOMINGO;CONATRA;Interurbano;N/A;18/7/2025
BAHORUCO;06:00AM / 06:00PM;7;ASOCHODUMINESA;300;MICROBÚS;10;NEIBA; SAN JUAN DE LA MAGUANA;UNATRAFIN ;Interurbano;N/A;18/7/2025
BAHORUCO;06:00AM / 06:00PM;7;ASOCHOPAN;150;CAMIONETA;17;NEIBA;LOMA DE PANSO;UNATRAFIN ;Interurbano;N/A;18/7/2025
BAHORUCO;06:00AM / 06:00PM;7;ASOCHOCACA;150;CAMIONETA;5;NEIBA;VILLLA JARAGUA-LAS CAÑITAS;UNATRAFIN ;Interurbano;N/A;18/7/2025
BAHORUCO;06:00AM / 06:00PM;7;ASTRACHONEYJI;200;MICROBÚS;79;NEIBA;JIMANI;UNATRAFIN ;Interurbano;N/A;18/7/2025
BAHORUCO;06:00AM / 06:00PM;7;JORGE REMEDIO FLORIAN CUEVAS;150;CAMIONETA;1;NEIBA;LAS CAÑITAS;UNATRAFIN ;Interurbano;N/A;18/7/2025
BAHORUCO;06:00AM / 06:00PM;7;SINCHOCAMITA;400;MICROBÚS;26;TAMAYO;SANTA CRUZ DE BARAHONA;CONATRA;Interurbano;N/A;18/7/2025
BAHORUCO;04:00AM / 04:00PM;7;SINCHOCAMITA;150;MINIBÚS;21;TAMAYO;SANTO DOMINGO;CONATRA;Interurbano;N/A;18/7/2025
BAHORUCO;04:00AM / 04:00PM;7;SINCHOCAMITA;400;AUTOBÚS;3;TAMAYO;SANTO DOMINGO;CONATRA;Interurbano;N/A;18/7/2025
BAHORUCO;ILEGAL / INACTIVA;7;"CONCEPCIÓN MÉNDEZ
MÉNDEZ";0;CAMIONETA;0;VILLA JARAGUA;LOS BOLOS;NO AFILIADO-S;Interurbano;N/A;18/7/2025
BAHORUCO;ILEGAL / INACTIVA;7;N/A;0;MICROBÚS;0;GALVAN;NEYBA;NO AFILIADO-S;Interurbano;N/A;18/7/2025
BARAHONA;05:30AM / 06:30PM;7;ASOTRACABA;100;MICROBÚS;54;CABRAL;SANTA CRUZ DE BARAHONA;CONATRA;Interurbano;N/A;18/7/2025
BARAHONA;06:50AM / 06:00PM;7;SINCHOCANOVI (EMTRARACABOJAPA);100;MICROBÚS;12;CANOA(VICENTE NOBLE);SANTA CRUZ DE BARAHONA;CONATRA;Interurbano;N/A;18/7/2025
BARAHONA;06:50AM / 06:00PM;7;SINCHOCANOVI (EMTRARACABOJAPA);100;CAMIONETA;0;CANOA(VICENTE NOBLE);SANTA CRUZ DE BARAHONA;CONATRA;Interurbano;N/A;18/7/2025
BARAHONA;06:30AM / 06:30PM;7;ASOCHOTRAPEBA;100;MICROBÚS;10;EL PEÑON;SANTA CRUZ DE BARAHONA;CONATRA;Interurbano;N/A;18/7/2025
BARAHONA;06:00AM / 06:00PM;7;SITRABAPE (EMTRAEBA);200;MICROBÚS;27;ENRIQUILLO;SANTA CRUZ DE BARAHONA;CONATRA;Interurbano;N/A;18/7/2025
BARAHONA;03:00AM /06:00PM;7;SINCHOBA;500;MINIBÚS;3;ENRIQUILLO;SANTO DOMINGO;CONATRA;Interurbano;N/A;18/7/2025
BARAHONA;07:00AM / 05:30PM;7;ASOCHOMISABA;150;MICROBÚS;16;LAS SALINAS;SANTA CRUZ DE BARAHONA;CONATRA;Interurbano;N/A;18/7/2025
BARAHONA;04:00AM /02:00PM;7;ANDY KING MATOS FELIZ;400;MINIBÚS;1;LAS SALINAS -CRISTOBAL;SANTO DOMINGO;CONATRA;Interurbano;N/A;18/7/2025
BARAHONA;04:00AM /02:00PM;7;MIGUEL ANGEL MEDINA FELIZ;500;MINIBÚS;2;PARAISO;SANTO DOMINGO;CONATRA;Interurbano;N/A;18/7/2025
BARAHONA;06:00AM / 06:00PM;7;ASOCHOPABA;500;MICROBÚS;22;PARAISO ;SANTA CRUZ DE BARAHONA;CONATRA;Interurbano;N/A;18/7/2025
BARAHONA;07:00AM / 05:00PM;7;APOLINAR PEREZ PEREZ;100;CAMIONETA;1;PESCADERIA;SANTA CRUZ DE BARAHONA;CONATRA;Interurbano;N/A;18/7/2025
BARAHONA;07:00AM / 05:00PM;7;APOLINAR PEREZ PEREZ;100;MICROBÚS;0;PESCADERIA;SANTA CRUZ DE BARAHONA;CONATRA;Interurbano;N/A;18/7/2025
BARAHONA;07:00AM / 05:00PM;7;LAURO GIL PEREZ;100;CAMIONETA;1;PESCADERIA;SANTA CRUZ DE BARAHONA;CONATRA;Interurbano;N/A;18/7/2025
BARAHONA;07:00AM / 05:00PM;7;YEFRE PEREZ LOPEZ;100;CAMIONETA;1;PESCADERIA;SANTA CRUZ DE BARAHONA;CONATRA;Interurbano;N/A;18/7/2025
BARAHONA;07:00AM / 05:00PM;7;YEFRE PEREZ LOPEZ;100;MICROBÚS;0;PESCADERIA;SANTA CRUZ DE BARAHONA;CONATRA;Interurbano;N/A;18/7/2025
BARAHONA;06:40AM / 05:00PM;7;ASOCHOPOLO;150;MICROBÚS;14;POLO;SANTA CRUZ DE BARAHONA;CONATRA;Interurbano;N/A;18/7/2025
BARAHONA;06:40AM / 05:00PM;7;ASOCHOPOLO;150;CAMIONETA;26;POLO;SANTA CRUZ DE BARAHONA;CONATRA;Interurbano;N/A;18/7/2025
BARAHONA;04:00AM /02:00PM;7;LUIS DOMINGO FELIZ FELIZ;500;MINIBÚS Y AUTOBUS;1;POLO;SANTO DOMINGO;CONATRA;Interurbano;N/A;18/7/2025
BARAHONA;06:45AM / 06:00PM;7;ASOCHOBAPE;100;MICROBÚS;21;SANTA CRUZ DE BARAHONA;CIENAGA;UNATRAFIN ;Interurbano;N/A;18/7/2025
BARAHONA;04:00AM / 06:30PM;7;EMTRABA SRL ;400;AUTOBÚS;56;SANTA CRUZ DE BARAHONA;SANTO DOMINGO;CONATRA-A;Interurbano;N/A;18/7/2025
BARAHONA;06:00AM / 05:00PM;7;SRECHOBANEJI;200;MICROBÚS Y MINIBUS;26;SANTA CRUZ DE BARAHONA;NEIBA;CONATRA;Interurbano;N/A;18/7/2025
BARAHONA;06:00AM / 05:00PM;7;ASOCHOBAPE;150;CAMIONETA;4;SANTA CRUZ DE BARAHONA-CIENAGA;SANTA ELENA;UNATRAFIN ;Interurbano;N/A;18/7/2025
BARAHONA;07:00AM / 06:00PM;7;SINCHOVI;100;MICROBÚS;23;VICENTE NOBLE;SANTA CRUZ DE BARAHONA;CONATRA;Interurbano;N/A;18/7/2025
DAJABON;06:00AM / 06:00PM;7;SICHODAMATA;200;MICROBÚS;26;DAJABON;LAS MATAS DE SANTA CRUZ;"CONATRA
(FERUTRACON)";Interurbano;N/A;18/7/2025
DAJABON;07:10AM / 06:00PM;7;SICHOLOCA;150;MICROBÚS;20;LOMA DE CABRERA;DAJABON;"CONATRA
(FERUTRACON)";Interurbano;N/A;18/7/2025
DAJABON;07:10AM / 06:00PM;7;SICHOLOCA;250;CAMIONETA;12;LOMA DE CABRERA;RIO LIMPIO;"CONATRA
(FERUTRACON)";Interurbano;N/A;18/7/2025
DAJABON;07:10AM / 06:00PM;7;SICHOLOCA;100;CAMIONETA;12;LOMA DE CABRERA;RESTAURACION;"CONATRA
(FERUTRACON)";Interurbano;N/A;18/7/2025
DAJABON;06:00AM / 06:00PM;7;LUIS MANUEL OLIVO CRUZ;500;AUTOBÚS;1;DAJABON-MANZANILLO;SANTO DOMINGO;"CONATRA
(FERUTRACON)";Interurbano;N/A;18/7/2025
DAJABON;07:00AM / 02:00PM;7;ROLANDO GOMEZ ALCANTARA;250;CAMIONETA;1;GUAYAJAYUCO;DAJABON;"CONATRA
(FERUTRACON)";Interurbano;N/A;18/7/2025
DAJABON;04:00AM ;7;"GREGORIO BAEZ GUZMAN 
 ERLING ALBERTO GOMEZ RODRIGUEZ";600;AUTOBÚS;0;PARTIDO;SANTO DOMINGO;"CONATRA
(FERUTRACON)";Interurbano;N/A;18/7/2025
DAJABON;05:00AM;7;" JOSE DE JESUS PERALTA BATISTA
(EXPRESO SAUL) ";600;MINIBÚS;1; PARTIDO ;SANTO DOMINGO;"CONATRA
(FERUTRACON)";Interurbano;N/A;18/7/2025
DAJABON;06:00AM / 04:00PM;7;" JOSE DE JESUS PERALTA BATISTA
(EXPRESO SAUL) ";350;MINIBÚS;1;PARTIDO;SANTIAGO DE LOS CABALLEROS;"CONATRA
(FERUTRACON)";Interurbano;N/A;18/7/2025
DAJABON;06:00AM / 03:00PM;7; APOLINAR RODRIGUEZ ;100;CARROS;1;PARTIDO;DAJABON;"CONATRA
(FERUTRACON)";Interurbano;N/A;18/7/2025
DAJABON;INACTIVA;7;" CHOFERES DE CARROS LA VIGIA DAJABON
RAMON MARIA UREÑA ";0;CARROS;6;LA VIGIA;DAJABON;"CONATRA
(FERUTRACON)";Interurbano;N/A;18/7/2025
DAJABON;06:00AM / 05:00PM;7;"JOSE RAMON PACHECO
TRANSPORTE JRP S.R.L";400;MICROBÚS;1;RESTAURACION;SANTIAGO DE LOS CABALLEROS;"CONATRA
(FERUTRACON)";Interurbano;N/A;18/7/2025
DISTRITO NACIONAL;06:15AM / 10:00AM / 01:45PM;7;CARIBE TOURS S. A;450;AUTOBÚS;6;SANTO DOMINGO ; BARAHONA;NO AFILIADO-S;Interurbano;N/A;18/7/2025
DISTRITO NACIONAL;10:30AM / 08:00PM;7;CARIBE TOURS S. A;350;AUTOBÚS;6;SANTO DOMINGO (TERMINAL LAS AMÉRICAS)-LA VEGA;SANTIAGO;NO AFILIADO-S;Interurbano;N/A;18/7/2025
DISTRITO NACIONAL;08:00AM/10:00AM/12:00PM/03:00PM;7;CARIBE TOURS S. A;500;AUTOBÚS;4;SANTO DOMINGO ;RIO SAN JUAN (AUTOVÍA DEL NORDESTE);NO AFILIADO-S;Interurbano;N/A;18/7/2025
DISTRITO NACIONAL;08:00 / 10:00PM;7;CARIBE TOURS S. A;1725;AUTOBÚS;4;SANTO DOMINGO ;HAITI) (FRONTERA CON JIMANÍ);NO AFILIADO-S;Interurbano;N/A;18/7/2025
DISTRITO NACIONAL;06:30AM / 06:20PM;7;CARIBE TOURS S. A;550;AUTOBÚS;14;SANTO DOMINGO ;PUERTO PLATA-SOSUA, POR LA CIRCUNVALACION NORTE ;NO AFILIADO-S;Interurbano;N/A;18/7/2025
DISTRITO NACIONAL;06:30AM / 05:50PM;7;CARIBE TOURS S. A;500;AUTOBÚS;14;SANTO DOMINGO ;SANTIAGO DE LOS CABALLEROS - PUERTO PLATA-SOSUA ;NO AFILIADO-S;Interurbano;N/A;18/7/2025
DISTRITO NACIONAL;07:15AM / 12:30PM;7;CARIBE TOURS S. A;500;AUTOBÚS;2;SANTO DOMINGO ;MANZANILLO (POR CASTAÑUELA) ;NO AFILIADO-S;Interurbano;N/A;18/7/2025
DISTRITO NACIONAL;07:15AM / 12:30PM;7;CARIBE TOURS S. A;500;AUTOBÚS;2;SANTO DOMINGO ; MANZANILLO (GUAYUBÍN) ;NO AFILIADO-S;Interurbano;N/A;18/7/2025
DISTRITO NACIONAL;06:30AM/10:15AM/02:00PM/06:15PM;7;CARIBE TOURS S. A;450;AUTOBÚS;6;SANTO DOMINGO ;SAN JUAN DE LA MAGUANA;NO AFILIADO-S;Interurbano;N/A;18/7/2025
DISTRITO NACIONAL;06:00AM/04:30PM;7;CARIBE TOURS S. A;500;AUTOBÚS;8;SANTO DOMINGO ;DAJABÓN;NO AFILIADO-S;Interurbano;N/A;18/7/2025
DISTRITO NACIONAL;06:45AM/07:45AM/01:30PM;7;CARIBE TOURS S. A;500;AUTOBÚS;3;SANTO DOMINGO ;LOMA DE CABRERA ;NO AFILIADO-S;Interurbano;N/A;18/7/2025
DISTRITO NACIONAL;06:45AM/07:45AM/01:30PM/03:00PM;7;CARIBE TOURS S. A;500;AUTOBÚS;2;SANTO DOMINGO ;SANTIAGO RODRIGUEZ;NO AFILIADO-S;Interurbano;N/A;18/7/2025
DISTRITO NACIONAL;09:00AM / 06:30PM;7;CARIBE TOURS S. A;1725;AUTOBÚS;3;SANTO DOMINGO ;HAITI (FRONTERA CON DAJABON);NO AFILIADO-S;Interurbano;N/A;18/7/2025
DISTRITO NACIONAL;08:00AM / 10:00AM;7;TITI TOURS SRL;500;AUTOBÚS;2;SANTO DOMINGO ; HAITI (FRONTERA CON ELIAS PIÑA);NO AFILIADO-S;Interurbano;N/A;18/7/2025
DISTRITO NACIONAL;08:00AM / 10:00AM;7;CAMINADO TOURS SRL;500;AUTOBÚS;1;SANTO DOMINGO ; HAITI (FRONTERA CON ELIAS PIÑA);NO AFILIADO-S;Interurbano;N/A;18/7/2025
DISTRITO NACIONAL;05:00AM / 04:30PM;7;HP TRANSPORTE HERMANO PAULINO SRL;500;AUTOBÚS;2;SANTO DOMINGO ; HAITI (FRONTERA CON ELIAS PIÑA);NO AFILIADO-S;Interurbano;N/A;18/7/2025
DISTRITO NACIONAL;08:00AM / 10:00AM;7;CARIBE TOURS S. A;1725;AUTOBÚS;4;SANTO DOMINGO ; HAITI (FRONTERA CON ELIAS PIÑA);NO AFILIADO-S;Interurbano;N/A;18/7/2025
DISTRITO NACIONAL;07:00AM/10:30PM/02:00PM/05:45PM;7;CARIBE TOURS S. A;350;AUTOBÚS;2;SANTO DOMINGO ;TENARES;NO AFILIADO-S;Interurbano;N/A;18/7/2025
DISTRITO NACIONAL;11:00AM/02:00PM/05:00PM/06:00PM/07:00PM;7;CARIBE TOURS S. A;350;AUTOBÚS;3;SANTO DOMINGO ;SAN FRANCISCO DE MACORIS;NO AFILIADO-S;Interurbano;N/A;18/7/2025
DISTRITO NACIONAL;07:00AM/09:30AM/01:00PM/04:00PM;7;CARIBE TOURS S. A;450;AUTOBÚS;4;SANTO DOMINGO ;SAMANA (AUTOPISTA DUARTE);NO AFILIADO-S;Interurbano;N/A;18/7/2025
DISTRITO NACIONAL;07:00AM/09:30AM/01:00PM/04:00PM;7;CARIBE TOURS S. A;450;AUTOBÚS;4;SANTO DOMINGO ;SAMANA (AUTOVIA);NO AFILIADO-S;Interurbano;N/A;18/7/2025
DISTRITO NACIONAL;08:00AM/10:00AM/12:00PM/03:00PM;7;CARIBE TOURS S. A;500;AUTOBÚS;4;SANTO DOMINGO ;RIO SAN JUAN(AUTOPISTA DUARTE);NO AFILIADO-S;Interurbano;N/A;18/7/2025
DISTRITO NACIONAL;10:30AM / 03:00PM;7;CARIBE TOURS S. A;350;AUTOBÚS;3;SANTO DOMINGO ;SANTIAGO DE LOS CABALLEROS ;NO AFILIADO-S;Interurbano;N/A;18/7/2025
DISTRITO NACIONAL;07:00AM / 04:45PM;7;CARIBE TOURS S. A;350;AUTOBÚS;1;SANTO DOMINGO ;CASTILLO ;NO AFILIADO-S;Interurbano;N/A;18/7/2025
DISTRITO NACIONAL;06:30AM/10:00AM/01:45PM/05:15PM;7;CARIBE TOURS S. A;450;AUTOBÚS;2;SANTO DOMINGO ;CONSTANZA;NO AFILIADO-S;Interurbano;N/A;18/7/2025
DISTRITO NACIONAL;06:00AM/07:30AM/09:00AM/10:30AM/12:30PM/02:00PM/03:30PM/05:00PM;7;CARIBE TOURS S. A;450;AUTOBÚS;4;SANTO DOMINGO ;JARABACOA;NO AFILIADO-S;Interurbano;N/A;18/7/2025
DISTRITO NACIONAL;06:00AM / 06:30PM;7;METRO TOURS;550;AUTOBÚS;4;DISTRITO NACIONAL;PUERTO PLATA;NO AFILIADO-S;Interurbano;N/A;18/7/2025
DISTRITO NACIONAL;06:30AM / 05:50PM;7;METRO TOURS;575;AUTOBÚS;3;DISTRITO NACIONAL;SOSUA;NO AFILIADO-S;Interurbano;N/A;18/7/2025
DISTRITO NACIONAL;06:00AM / 09:15PM;7;METRO TOURS;450;AUTOBÚS;6;DISTRITO NACIONAL;SANTIAGO DE LOS CABALLEROS ;NO AFILIADO-S;Interurbano;N/A;18/7/2025
DISTRITO NACIONAL;06:30AM / 05:50PM;7;TRANSPORTE CIBAO;500;AUTOBÚS;10;DISTRITO NACIONAL;PUERTO PLATA-SOSUA ;NO AFILIADO-S;Interurbano;N/A;18/7/2025
DISTRITO NACIONAL;04:30AM / 01:30PM;7;TRANSPORTE CIBAO;500;AUTOBÚS;2;DISTRITO NACIONAL;LUPERON ;NO AFILIADO-S;Interurbano;N/A;18/7/2025
DISTRITO NACIONAL;N/A;7;TRANSPORTE CIBAO;600;AUTOBÚS;2;DISTRITO NACIONAL;DAJABON;NO AFILIADO-S;Interurbano;N/A;18/7/2025
DISTRITO NACIONAL;N/A;7;TRANSPORTE CIBAO;600;AUTOBÚS;4;DISTRITO NACIONAL;LOMA DE CABRERA (POR SANTIAGO RODRIGUEZ) ;NO AFILIADO-S;Interurbano;N/A;18/7/2025
DISTRITO NACIONAL;N/A;7;TRANSPORTE CIBAO;600;AUTOBÚS;4;DISTRITO NACIONAL;LOMA DE CABRERA (POR MONTECRISTI);NO AFILIADO-S;Interurbano;N/A;18/7/2025
DISTRITO NACIONAL;N/A;7;TRANSPORTE CIBAO;650;AUTOBÚS;4;DISTRITO NACIONAL;RESTAURACION ;NO AFILIADO-S;Interurbano;N/A;18/7/2025
DISTRITO NACIONAL;06:00AM / 06:00PM;7;ASOPROGCHOCO;500;MINIBÚS;33;DISTRITO NACIONAL;ELIAS PIÑA;FENATRANO;Interurbano;N/A;18/7/2025
DISTRITO NACIONAL;06:00AM / 06:00PM;7;ASOPROGCHOCO;500;AUTOBÚS;0;DISTRITO NACIONAL;ELIAS PIÑA;FENATRANO;Interurbano;N/A;18/7/2025
DISTRITO NACIONAL;INACTIVA;7;"METRO TOURS
TERRA BUS";0;AUTOBÚS;4;DISTRITO NACIONAL;JIMANI (FRONTERA CON HAITI);NO AFILIADO-S;Interurbano;N/A;18/7/2025
DISTRITO NACIONAL;INACTIVA;7;"LINEA GLADYS 
MANUEL TAVAREZ SANTOS";0;MINIBÚS;3;DISTRITO NACIONAL;TENARES;CONATRA;Interurbano;N/A;18/7/2025
DISTRITO NACIONAL;INACTIVA;7;"LINEA GLADYS 
SR. JOSE A. SEVERINO N. ";0;MINIBÚS;1;DISTRITO NACIONAL;VILLA VASQUEZ;CONATRA;Interurbano;N/A;18/7/2025
DISTRITO NACIONAL;05:00AM / 05:00PM;7;"LINEA DE TRANSPORTE JAPONES
LINEA CIBAO
SR. RAMON E. QUEZADA ";450;MINIBÚS;3;DISTRITO NACIONAL;CONSTANZA;NO AFILIADO-S;Interurbano;N/A;18/7/2025
DISTRITO NACIONAL;N/A;7;"LINEA DE TRANSPORTE JAPONES
LINEA CIBAO
SR. RAMON E. QUEZADA ";500;MINIBÚS;1;DISTRITO NACIONAL;RIO SAN JUAN;NO AFILIADO-S;Interurbano;N/A;18/7/2025
DISTRITO NACIONAL;04:30am / 12:30pm;7;"LINEA DE TRANSPORTE JAPONES
LINEA CIBAO
SR. RAMON E. QUEZADA ";350;MINIBÚS;2;DISTRITO NACIONAL;GASPAR HERNANDEZ;NO AFILIADO-S;Interurbano;N/A;18/7/2025
DISTRITO NACIONAL;06:00AM / 06:00PM;7;UNAPRODUMI;300;MINIBÚS;12;DISTRITO NACIONAL;MOCA;CONATRA;Interurbano;N/A;18/7/2025
DISTRITO NACIONAL;06:00AM / 06:00PM;7;UNAPRODUMI;300;AUTOBÚS;0;DISTRITO NACIONAL;MOCA;CONATRA;Interurbano;N/A;18/7/2025
DISTRITO NACIONAL;06:00AM / 06:00PM;7;UNAPRODUMI;400;MINIBÚS;8;DISTRITO NACIONAL;NAGUA;CONATRA;Interurbano;N/A;18/7/2025
DISTRITO NACIONAL;06:00AM / 06:00PM;7;UNAPRODUMI;400;AUTOBÚS;1;DISTRITO NACIONAL;NAGUA;CONATRA;Interurbano;N/A;18/7/2025
DISTRITO NACIONAL;N/A;7;UNAPRODUMI;400;MINIBÚS;12;DISTRITO NACIONAL;NAGUA (AUTOVIA);CONATRA;Interurbano;N/A;18/7/2025
DISTRITO NACIONAL;N/A;7;UNAPRODUMI;400;AUTOBÚS;1;DISTRITO NACIONAL;NAGUA (AUTOVIA);CONATRA;Interurbano;N/A;18/7/2025
DISTRITO NACIONAL;05:00AM / 08:00PM;7;UNAPRODUMI;300;MINIBÚS;13;DISTRITO NACIONAL;COTUI;CONATRA;Interurbano;N/A;18/7/2025
DISTRITO NACIONAL;05:00AM / 08:00PM;7;UNAPRODUMI;300;AUTOBÚS;6;DISTRITO NACIONAL;COTUI;CONATRA;Interurbano;N/A;18/7/2025
DISTRITO NACIONAL;06:30AM / 07:00PM;7;UNAPRODUMI;300;MINIBÚS;19;DISTRITO NACIONAL;SAN FRANCISCO DE MACORIS;CONATRA;Interurbano;N/A;18/7/2025
DISTRITO NACIONAL;06:30AM / 07:00PM;7;UNAPRODUMI;300;AUTOBÚS;0;DISTRITO NACIONAL;SAN FRANCISCO DE MACORIS;CONATRA;Interurbano;N/A;18/7/2025
DISTRITO NACIONAL;N/A;7;UNAPRODUMI;300;MINIBÚS;9;DISTRITO NACIONAL;SALCEDO;CONATRA;Interurbano;N/A;18/7/2025
DISTRITO NACIONAL;N/A;7;UNAPRODUMI;300;AUTOBÚS;0;DISTRITO NACIONAL;SALCEDO;CONATRA;Interurbano;N/A;18/7/2025
DISTRITO NACIONAL;05:00AM / 01:00PM;7;MARIA MAGDALENA SIME BAEZ;500;MINIBÚS;2;DISTRITO NACIONAL;GASPAR HERNANDEZ;NO AFILIADO-S;Interurbano;N/A;18/7/2025
DISTRITO NACIONAL;N/A;7;ASOTOURSD;700;MINIBÚS;3;DISTRITO NACIONAL;JIMANI (FRONTERA CON HAITI);NO AFILIADO-S;Interurbano;N/A;18/7/2025
DISTRITO NACIONAL;N/A;7;ASOTOURSD;700;AUTOBÚS;1;DISTRITO NACIONAL;JIMANI (FRONTERA CON HAITI);NO AFILIADO-S;Interurbano;N/A;18/7/2025
DISTRITO NACIONAL;N/A;7;"LINEA DE TRANSPORTE JAPONES 
LINEA CIBAO
SR. EVARISTO ANTONIO VENTURA";300;MINIBÚS;1;DISTRITO NACIONAL;MOCA;NO AFILIADO-S;Interurbano;N/A;18/7/2025
DISTRITO NACIONAL;07:00AM / 08:00PM;7;"LINEA DE TRANSPORTE JAPONES
LINEA CIBAO
SR. RAMON E. QUEZADA";500;MINIBÚS;2;DISTRITO NACIONAL;SAN JOSE DE LAS MATAS;NO AFILIADO-S;Interurbano;N/A;18/7/2025
DISTRITO NACIONAL;N/A;7;"LINEA GLADYS 
SR. FELIPE ANTONIO MONEGRA";300;MINIBÚS;1;DISTRITO NACIONAL;MOCA;NO AFILIADO-S;Interurbano;N/A;18/7/2025
DISTRITO NACIONAL;N/A;7;TRANSPORTE BEJARAN;400;MINIBÚS;1;DISTRITO NACIONAL;ESPERANZA;NO AFILIADO-S;Interurbano;N/A;18/7/2025
DUARTE ;06:00AM Y 02:00PM;7; JOSE ANTONIO CACERES ;500;MICROBÚS;1; SANTA ANA ;SANTO DOMINGO;NO AFILIADO-S;Interurbano;N/A;18/7/2025
DUARTE ;06:00AM Y 02:00PM;7;"ASOCIACION DE TRASNPORTE PUBLICO LOS INVENCIBLES
(MANUEL GARCIA ALBA)
GUILLERMO ENRIQUE MORILLO AQUINO";300;MICROBÚS;1;ARENOSO DUARTE;SANTO DOMINGO;UNATRAFIN ;Interurbano;N/A;18/7/2025
DUARTE ;06:00AM Y 02:00PM;7;"ASOCIACION DE TRASNPORTE PUBLICO LOS INVENCIBLES
(MANUEL GARCIA ALBA)
SANTIAGO MARTINEZ RODRIGUEZ";350;MICROBÚS;1;ARENOSO DUARTE;SANTO DOMINGO;UNATRAFIN ;Interurbano;N/A;18/7/2025
DUARTE ;06:00AM Y 02:00PM;7;"ASOCIACION DE TRASNPORTE PUBLICO LOS INVENCIBLES
(MANUEL GARCIA ALBA)
JUAN POLANCO REYNOSO";400;CAMIONETA;1;BOMBA DE YAIBA;SANTO DOMINGO;UNATRAFIN ;Interurbano;N/A;18/7/2025
DUARTE ;07:00AM / 04:00PM;7;SICHOCAFIR;100;CAMIONETA;11;CASTILLO;EL FIRME;MOCHOTRAN ;Interurbano;N/A;18/7/2025
DUARTE ;06:00AM Y 02:00PM;7;"ASOCIACION DE TRANSPORTE PUBLICO LOS INVENCIBLES 
(MANUEL GARCIA ALBA)
GENARO FRANCISCO VELOZ ROJAS";800;CAMIONETA;1;CASTILLO;SANTO DOMINGO;UNATRAFIN ;Interurbano;N/A;18/7/2025
DUARTE ;06:00AM Y 02:00PM;7;JOSE MARTIN VENTURA FABIAN;50;MICROBÚS;1;CENOVI;SANTO DOMINGO;NO AFILIADO-S;Interurbano;N/A;18/7/2025
DUARTE ;06:00AM / 06:30PM;7;"ASOCIACION DE TRANSPORTE PUBLICO LOS INVENCIBLES 
(MANUEL GARCIA ALBA)
JESUS MANUEL LOPEZ GUTIERREZ";50;MICROBÚS;0;COLON LA BOCA;SAN FRANCISCO DE MACORIS;NO AFILIADO-S;Interurbano;N/A;18/7/2025
DUARTE ;06:00AM / 06:30PM;7;"ASOCIACION DE TRANSPORTE PUBLICO LOS INVENCIBLES 
(MANUEL GARCIA ALBA)
JESUS MANUEL LOPEZ GUTIERREZ";50;CAMIONETA;1;COLON LA BOCA;SAN FRANCISCO DE MACORIS;NO AFILIADO-S;Interurbano;N/A;18/7/2025
DUARTE ;06:00AM / 06:30PM;7;"ASOCIACION DE TRANSPORTE PUBLICO LOS INVENCIBLES
(MANUEL GARCIA ALBA)
JOSE ANTONIO LOPEZ GUTIERREZ";50;CAMIONETA;1;COLON LA BOCA;SAN FRANCISCO DE MACORIS;UNATRAFIN ;Interurbano;N/A;18/7/2025
DUARTE ;06:00AM / 06:30PM;7;"ASOCIACION DE TRANSPORTE PUBLICO LOS INVENCIBLES
(MANUEL GARCIA ALBA)
JOSE LUIS LOPEZ GUTIERREZ";50;CAMIONETA;1;COLON LA BOCA;SAN FRANCISCO DE MACORIS;UNATRAFIN ;Interurbano;N/A;18/7/2025
DUARTE ;06:00AM / 07:00PM;7;RUCOSANMA;100;MICROBÚS Y CARRO;11;CONTROBA;SAN FRANCISCO DE MACORIS;CONATRA;Interurbano;N/A;18/7/2025
DUARTE ;06:00AM Y 02:00PM;7;"ASOCIACION DE TRANSPORTE PUBLICO LOS INVENCIBLES 
(MANUEL GARCIA ALBA)
ORLANDO FELIZ SANTOS";500;CAMIONETA;1;CRUCE SAN RAFAEL;SANTO DOMINGO;UNATRAFIN ;Interurbano;N/A;18/7/2025
DUARTE ;06:00AM Y 02:00PM;7;"ASOCIACION DE TRANSPORTE PUBLICO LOS INVENCIBLES 
(MANUEL GARCIA ALBA)
LORENZO AQUINO";300;MICROBÚS;1;EL AGUACATE;SANTO DOMINGO;UNATRAFIN ;Interurbano;N/A;18/7/2025
DUARTE ;07:00AM I 04:00PM;7;"ASOCIACION DE TRANSPORTE PUBLICO LOS INVENCIBLES
(MANUEL GARCIA ALBA)
 NELSON EDUARDO PEÑA";80;CAMIONETA;1;EL CAIMITO;SAN FRANCISCO DE MACORIS;UNATRAFIN ;Interurbano;N/A;18/7/2025
DUARTE ;07:00AM I 04:00PM;7;"ASOCIACION DE TRANSPORTE PUBLICO LOS INVENCIBLES
(MANUEL GARCIA ALBA)
HERMINIO EDUARDO MAYI";80;CAMIONETA;1;EL CAIMITO;SAN FRANCISCO DE MACORIS;UNATRAFIN ;Interurbano;N/A;18/7/2025
DUARTE ;06:00AM Y 02:00PM;7;"ASOCIACION DE TRASNPORTE PUBLICO LOS INVENCIBLES
(MANUEL GARCIA ALBA)
JOSE RAMIRO GRULLON BENCOSME";80;MICROBÚS;1;EL CAIMITO;SANTO DOMINGO;UNATRAFIN ;Interurbano;N/A;18/7/2025
DUARTE ;07:00AM I 04:00PM;7;"ASOCIACION DE TRASPORTE PUBLICO LOS INVENCIBLES 
(MANUEL GARCIA ALBA)
 ANDRES EDUARDO MAYI";80;CAMIONETA;1;EL CAIMITO;SAN FRANCISCO DE MACORIS;UNATRAFIN ;Interurbano;N/A;18/7/2025
DUARTE ;06:00AM Y 02:00PM;7;"ASOCIACION DE TRASNPORTE PUBLICO LOS INVENCIBLES
(MANUEL GARCIA ALBA)
MARCELO POLANCO ROSARIO
PEDRO ECOLASTICO";600;MICROBÚS;1;EL RUCIO-CASTILLO;SANTO DOMINGO;UNATRAFIN ;Interurbano;N/A;18/7/2025
DUARTE ;06:00AM Y 02:00PM;7;"ASOCIACION DE TRANSPORTE PUBLICO LOS INVENCIBLES
(MANUEL GARCIA ALBA)
DIONIS ANTONIO REYES";350;MICROBÚS;0;GUARAGUAO;SANTO DOMINGO;NO AFILIADO-S;Interurbano;N/A;18/7/2025
DUARTE ;06:00AM Y 02:00PM;7;"ASOCIACION DE TRANSPORTE PUBLICO LOS INVENCIBLES
(MANUEL GARCIA ALBA)
DIONIS ANTONIO REYES";350;CAMIONETA;1;GUARAGUAO;SANTO DOMINGO;NO AFILIADO-S;Interurbano;N/A;18/7/2025
DUARTE ;06:00AM Y 02:00PM;7;"ASOCIACION DE TRASNPORTE PUBLICO LOS INVENCIBLES
(MANUEL GARCIA ALBA)
HIGINIO PAULA POLANCO";350;MICROBÚS;1;GUARAGUAO;SANTO DOMINGO;UNATRAFIN ;Interurbano;N/A;18/7/2025
DUARTE ;07:00AM I 04:00PM;7;GERALDO MARTINEZ BURGOS;150;CARROS;1;HOSTO CASTILLO;SAN FRANCISCO DE MACORIS;NO AFILIADO-S;Interurbano;N/A;18/7/2025
DUARTE ;06:00AM Y 02:00PM;7;JOSE AGUSTIN CASTILLO RAMOS;700;CAMIONETA;1;LA CEIBA DE LOS PAJAROS;SANTO DOMINGO;CNTU;Interurbano;N/A;18/7/2025
DUARTE ;07:00AM I 04:00PM;7;MARCOS GREGORIO ANTIAGUA;250;CAMIONETA;1;LA ISLETA DE HOSTOS;SAN FRANCISCO DE MACORIS;NO AFILIADO-S;Interurbano;N/A;18/7/2025
DUARTE ;06:00AM Y 02:00PM;7;"ASOCIACION DE TRASPORTE PUBLICO LOS LOS INVENCIBLES
(MANUEL GARCIA ALBA)
MATEO PEREZ";500;CAMIONETA;1;LA ISLETA DE HOSTOS;SANTO DOMINGO;UNATRAFIN ;Interurbano;N/A;18/7/2025
DUARTE ;06:00AM Y 02:00PM;7;"ASOCIACION DE TRASNPORTE PUBLICO LOS INVENCIBLES
(MANUEL GARCIA ALBA)
CRISTIAN ROSA AMPARO";700;MICROBÚS;2;LA JAGUA DE YUNA ;SANTO DOMINGO;UNATRAFIN ;Interurbano;N/A;18/7/2025
DUARTE ;06:00AM Y 02:00PM;7;"ASOCIACION DE TRASNPORTE PUBLICO LOS INVENCIBLES
(MANUEL GARCIA ALBA)
HEMOGENES RICARDO ROSA";700;MICROBÚS;1;LA JAGUA DE YUNA ;SANTO DOMINGO;UNATRAFIN ;Interurbano;N/A;18/7/2025
DUARTE ;06:00AM Y 02:00PM;7;"ASOCIACION DE TRASNPORTE PUBLICO LOS INVENCIBLES
(MANUEL GARCIA ALBA)
JOEL AQUINO LEDESMA";700;MICROBÚS;1;LA JAGUA DE YUNA ;SANTO DOMINGO;UNATRAFIN ;Interurbano;N/A;18/7/2025
DUARTE ;06:00AM/06:30PM;7;HILINTON ACEVEDO ROSARIO;350;MICROBÚS;1;LA REFORMA DEL YUNA ;SANTIAGO DE LOS CABALLEROS;NO AFILIADO-S;Interurbano;N/A;18/7/2025
DUARTE ;06:00AM/06:30PM;7;HILINTON ACEVEDO ROSARIO;350;MINIBÚS;1;LA REFORMA DEL YUNA ;SANTIAGO DE LOS CABALLEROS;NO AFILIADO-S;Interurbano;N/A;18/7/2025
DUARTE ;06:00AM Y 02:00PM;7;JOSE ALBERTO JIMENEZ ALMONTE;350;MINIBÚS;1;LAS GUARANAS;SANTO DOMINGO;NO AFILIADO-S;Interurbano;N/A;18/7/2025
DUARTE ;06:00AM Y 02:00PM;7;JAVIER ANTONIO MEJIA;500;MICROBÚS;1;LAS TARANAS - YAIBA;SANTO DOMINGO;UNATRAFIN ;Interurbano;N/A;18/7/2025
DUARTE ;07:00AM I 04:00PM;7;SICHOCAFIR;100;CAMIONETA;3;LOMA VIEJA-EL FIRME;SAN FRANCISCO DE MACORIS;MOCHOTRAN ;Interurbano;N/A;18/7/2025
DUARTE ;06:00AM Y 02:00PM;7;"ASOCIACION DE TRASNPORTE PUBLICO LOS INVENCIBLES
(MANUEL GARCIA ALBA)
MARCOS EVAGELISTA RAMON PEÑA";450;MICROBÚS;1;PARAGUAY;SANTO DOMINGO;UNATRAFIN ;Interurbano;N/A;18/7/2025
DUARTE ;06:00AM Y 02:00PM;7;"ASOCIACION DE TRASNPORTE PUBLICO LOS INVENCIBLES
(MANUEL GARCIA ALBA)
MARCOS EVAGELISTA RAMON PEÑA";450;MINIBÚS;1;PARAGUAY;SANTO DOMINGO;UNATRAFIN ;Interurbano;N/A;18/7/2025
DUARTE ;06:50AM / 06:40PM;7;"ASOCIACION DE TRASPORTE PUBLICO LOS LOS INVENCIBLES
(MANUEL GARCIA ALBA)
JOSE MANUEL JAVIER";500;CAMIONETA;1;PIMENTEL;SANTO DOMINGO;UNATRAFIN ;Interurbano;N/A;18/7/2025
DUARTE ;06:00AM Y 02:00PM;7;LUIS ERNESTO MERCEDES NOLASCO;700;MICROBÚS;1;PUEBLO NUEVO;SANTO DOMINGO;UNATRAFIN ;Interurbano;N/A;18/7/2025
DUARTE ;06:00AM Y 02:00PM;7;"ASOCIACION DE TRASPORTE PUBLICO LOS INVENCIBLES
(MANUEL GARCIA ALBA)
LUIS ALBERTO CRUZ CASTILLO ";500;CAMIONETA;1;SABABA GRANDE DE HOSTO;SANTO DOMINGO;UNATRAFIN ;Interurbano;N/A;18/7/2025
DUARTE ;06:00AM / 03:00PM;7;"ASOCIACION DE TRASPORTE PUBLICO LOS INVENCIBLES
(MANUEL GARCIA ALBA)
PASCASIO TAVERAS TAVERAS";150;CAMIONETA;6;SAN FRANCISCO DE MACORIS;ATABALERO ARRIBA;UNATRAFIN ;Interurbano;N/A;18/7/2025
DUARTE ;06:00AM Y 02:00PM;7; ABEL ZORRILLA MENA ;100;MICROBÚS;0;SAN FRANCISCO DE MACORIS;LOS LIMONES-SAN JOSE DE CONUCO;CONATRA;Interurbano;N/A;18/7/2025
DUARTE ;06:00AM Y 02:00PM;7; ABEL ZORRILLA MENA ;100;CAMIONETA;1;SAN FRANCISCO DE MACORIS;LOS LIMONES-SAN JOSE DE CONUCO;CONATRA;Interurbano;N/A;18/7/2025
DUARTE ;07:30AM / 06:00PM;7;ACATRAPU;150;CAMIONETA;7;SAN FRANCISCO DE MACORIS;LA BAJADA POR DENTRO;MOCHOTRAN ;Interurbano;N/A;18/7/2025
DUARTE ;06:00AM / 06:30PM;7;SIMICHOPROD;300;MINIBÚS Y AUTOBUS;22;SAN FRANCISCO DE MACORIS;SANTO DOMINGO;CONATRA;Interurbano;N/A;18/7/2025
DUARTE ;07:00AM I 04:00PM;7;ASOCHAUCE;75;MICROBÚS;0;SAN FRANCISCO DE MACORIS;CENOVI;CONATRA;Interurbano;N/A;18/7/2025
DUARTE ;06:00AM/06:30PM;7;ASOCHOSAVRY;180;CARROSY MICROBUS;3;SAN FRANCISCO DE MACORIS;VILLA RIVAS-YUNA;CONATRA;Interurbano;N/A;18/7/2025
DUARTE ;07:00AM I 04:00PM;7;ASOCHAUCE;75;CAMIONETA;35;SAN FRANCISCO DE MACORIS;CENOVI;CONATRA;Interurbano;N/A;18/7/2025
DUARTE ;06:00AM/06:00PM;7;ASOCHOVIFRAN;75;MICROBÚS;1;SAN FRANCISCO DE MACORIS;VILLA TAPIA;CONATRA;Interurbano;N/A;18/7/2025
DUARTE ;06:00AM / 06:30PM;7;ASOCHOSAVRY;180;CAMIONETA;88;SAN FRANCISCO DE MACORIS;VILLA RIVAS-YUNA;CONATRA;Interurbano;N/A;18/7/2025
DUARTE ;06:00AM / 06:00PM;7;ASOCHOVIFRAN;75;CAMIONETA;17;SAN FRANCISCO DE MACORIS;VILLA TAPIA;CONATRA;Interurbano;N/A;18/7/2025
DUARTE ;05:50AM / 06:00PM;7;SICACHOPRODU;150;CARROS;2;SAN FRANCISCO DE MACORIS;LA VEGA;MOCHOTRAN ;Interurbano;N/A;18/7/2025
DUARTE ;05:50AM / 06:00PM;7;SICACHOPRODU;150;MICROBÚS;26;SAN FRANCISCO DE MACORIS;LA VEGA;MOCHOTRAN ;Interurbano;N/A;18/7/2025
DUARTE ;06:50AM / 06:40PM;7;SICHOFRAPI;90;MICROBÚS;20;SAN FRANCISCO DE MACORIS;PIMENTEL;CONATRA;Interurbano;N/A;18/7/2025
DUARTE ;06:00AM / 06:00PM;7;SICHOSCO (ASOCHOTRACOT);125;MICROBÚS;10;SAN FRANCISCO DE MACORIS;LAS GUARANAS-COTUI;CONATRA;Interurbano;N/A;18/7/2025
DUARTE ;06:00AM / 06:00PM;7;SICHOSCO (ASOCHOTRACOT);125;CARROS;64;SAN FRANCISCO DE MACORIS;LAS GUARANAS-COTUI;CONATRA;Interurbano;N/A;18/7/2025
DUARTE ;07:00AM / 06:00PM;7;ASOTRANSPUFAMAGUI;150;CAMIONETA;13;SAN FRANCISCO DE MACORIS; EL GUINEAL;MOCHOTRAN ;Interurbano;N/A;18/7/2025
DUARTE ;06:00AM / 06:00PM;7;SICHOUNVITE;100;CARROS;7;SAN FRANCISCO DE MACORIS;TENARES - SALCEDO;MOCHOTRAN ;Interurbano;N/A;18/7/2025
DUARTE ;06:00AM / 06:00PM;7;SICHOUNVITE;100;MICROBÚS;34;SAN FRANCISCO DE MACORIS;TENARES - SALCEDO;MOCHOTRAN ;Interurbano;N/A;18/7/2025
DUARTE ;07:30AM / 06:00PM;7;SICHOIN;75;MICROBÚS;2;SAN FRANCISCO DE MACORIS; LA PEÑA;CONATRA;Interurbano;N/A;18/7/2025
DUARTE ;07:30AM / 06:00PM;7;SICHOIN;75;CARROS;1;SAN FRANCISCO DE MACORIS; LA PEÑA;CONATRA;Interurbano;N/A;18/7/2025
DUARTE ;06:00AM / 06:30PM;7;SUNOVIPRO;175;MICROBÚS;1;SAN FRANCISCO DE MACORIS;SANTIAGO DE LOS CABALLEROS;MOCHOTRAN ;Interurbano;N/A;18/7/2025
DUARTE ;06:00AM / 06:30PM;7;SUNOVIPRO;175;MINIBÚS;29;SAN FRANCISCO DE MACORIS;SANTIAGO DE LOS CABALLEROS;MOCHOTRAN ;Interurbano;N/A;18/7/2025
DUARTE ;06:00AM / 06:00PM;7;MANUEL DE JESUS ROSARIO ROSARIO;100;CAMIONETA;1;SAN FRANCISCO DE MACORIS;TENARES - SALCEDO;MOCHOTRAN ;Interurbano;N/A;18/7/2025
DUARTE ;07:00AM I 04:00PM;7;"ROQUE GARCIA REYES
RAMON EMILIO QUEZADA";150;CAMIONETA;1;SAN FRANCISCO DE MACORIS;YAIBA - LA BOMBA;UNATRAFIN ;Interurbano;N/A;18/7/2025
DUARTE ;06:00AM / 07:00PM;7;SICHOSCO (ASOCHOTRACOT);125;CAMIONETA;4;SAN FRANCISCO DE MACORIS;LAS GUARANAS-COTUI;CONATRA;Interurbano;N/A;18/7/2025
DUARTE ;08:00AM / 05:00PM;7;SICHOTRAS;100;CAMIONETA;12;SAN FRANCISCO DE MACORIS; LA JAYA NARANJO DULCE;MOCHOTRAN ;Interurbano;N/A;18/7/2025
DUARTE ;06:00AM / 06:00PM;7;SICHOUNVITE;100;CAMIONETA;0;SAN FRANCISCO DE MACORIS;TENARES - SALCEDO;MOCHOTRAN ;Interurbano;N/A;18/7/2025
DUARTE ;07:30AM / 06:00PM;7;SICHOIN;75;CAMIONETA;10;SAN FRANCISCO DE MACORIS; LA PEÑA;CONATRA;Interurbano;N/A;18/7/2025
DUARTE ;07:30AM / 06:00PM;7;SINDICATOS DE CHOFERES LA ENEA;100;CAMIONETA;4;SAN FRANCISCO DE MACORIS;LA ENEA;NO AFILIADO-S;Interurbano;N/A;18/7/2025
DUARTE ;07:30AM / 06:00PM;7;SINUCHON;100;CAMIONETA;40;SAN FRANCISCO DE MACORIS;LA GUAZUMA;MOCHOTRAN ;Interurbano;N/A;18/7/2025
DUARTE ;06:00AM / 06:30PM;7;SITRAPA;200;MICROBÚS;0;SAN FRANCISCO DE MACORIS;NAGUA;CONATRA;Interurbano;N/A;18/7/2025
DUARTE ;06:00AM / 06:30PM;7;SITRAPA;200;CAMIONETA;59;SAN FRANCISCO DE MACORIS;NAGUA;CONATRA;Interurbano;N/A;18/7/2025
DUARTE ;07:00AM / 12:00PM;7;"ASOCIACION DE TRASPORTE PUBLICO LOS INVENCIBLES
(MANUEL GARCIA ALBA)
LEON DE LEON GOMEZ
";100;CAMIONETA;4;SAN FRANCISCO DE MACORIS;EL RAMONAL;CONATRA;Interurbano;N/A;18/7/2025
DUARTE ;07:00AM /12:00PM;7;"ASOCIACION DE TRASPORTE PUBLICO LOS INVENCIBLES
(MANUEL GARCIA ALBA)
LEON DE LEON GOMEZ
";50;CARROS;5;SAN FRANCISCO DE MACORIS-CENOVI;SABANA REY;CONATRA;Interurbano;N/A;18/7/2025
DUARTE ;07:00AM / 12:00PM;7;"ASOCIACION DE TRANSPORTE PUBLICO LOS INVENCIBLES 
(MANUEL GARCIA ALBA)
JUAN MERCEDES ";700;CAMIONETA;1;VILLA RIVAS ;SANTO DOMINGO;UNATRAFIN ;Interurbano;N/A;18/7/2025
DUARTE ;07:00AM /12:00PM;7;"ASOCIACION DE TRANSPORTE PUBLICO LOS INVENCIBLES 
(MANUEL GARCIA ALBA)
JUAN MERCEDES ";700;MICROBÚS;0;VILLA RIVAS ;SANTO DOMINGO;UNATRAFIN ;Interurbano;N/A;18/7/2025
DUARTE ;07:00AM / 12:00PM;7;"ASOCIACION DE TRASNPORTE PUBLICO LOS INVENCIBLES
(MANUEL GARCIA ALBA)
JUAN POLANCO REYNOSO";700;MICROBÚS;1;VILLA RIVAS ;SANTO DOMINGO;UNATRAFIN ;Interurbano;N/A;18/7/2025
DUARTE ;07:00AM /12:00PM;7;"ASOCIACION DE TRASPORTE PUBLICO LOS INVENCIBLES
(MANUEL GARCIA ALBA)
JOSE DOLORES LANTIGUA TEJADA ";700;CAMIONETA;1;VILLA RIVAS ;SANTO DOMINGO;UNATRAFIN ;Interurbano;N/A;18/7/2025
DUARTE;06:00AM Y 02:00PM;7;GUILLERMO ENRIQUE MORILLO AQUINO;300;MICROBÚS;1;ARENOSO DUARTE;SANTO DOMINGO;NO AFILIADO-S;Interurbano;N/A;18/7/2025
DUARTE;06:00AM Y 02:00PM;7;JESUS ANTONIO PAULINO;500;CAMIONETA;0;LA ISLETA-BABARI;SANTO DOMINGO;NO AFILIADO-S;Interurbano;N/A;18/7/2025
DUARTE;06:00AM Y 02:00PM;7;JOSE MATILDE PEÑA MARTINEZ;500;CAMIONETA;1;LA JOYA;SANTO DOMINGO;NO AFILIADO-S;Interurbano;N/A;18/7/2025
DUARTE ;06:00AM Y 02:00PM;7;"ASOCIACION DE TRASPORTE PUBLICO LOS INVENCIBLES
(MANUEL GARCIA ALBA)
JOSE DOLORES LANTIGUA TEJADA ";700;MICROBÚS;0;VILLA RIVAS ;SANTO DOMINGO;UNATRAFIN ;Interurbano;N/A;18/7/2025
EL SEIBO;06:00AM / 06:00PM;7;ADOLFO MARTE JIMENEZ;50;CAMIONETA;1;EL SEIBO ;LA HIGUERA;"CONATRA
(CONEMPTRARE)";Interurbano;N/A;18/7/2025
EL SEIBO;06:00AM / 06:00PM;7;ASOTRAMPACUSE;125;CAMIONETA;13;EL SEIBO ;LAS CUCHILLAS;"CONATRA
(CONEMPTRARE)";Interurbano;N/A;18/7/2025
EL SEIBO;07:30AM Y 11:00PM;7;FRANCISCO MERCEDES ;50;CAMIONETA;1;EL SEIBO ;LA HIGUERA;"CONATRA
(CONEMPTRARE)";Interurbano;N/A;18/7/2025
EL SEIBO;07:30AM / 09:00PM;7;JAIME GIL MERCEDES;100;CAMIONETA;1;EL SEIBO ;MAGARIN - LOMA JOBO DULCE;"CONATRA
(CONEMPTRARE)";Interurbano;N/A;18/7/2025
EL SEIBO;07:30AM / 09:00PM;7;JAVIER MAÑON VELASQUEZ;100;CAMIONETA;1;EL SEIBO ;MAGARIN - LOMA JOBO DULCE;"CONATRA
(CONEMPTRARE)";Interurbano;N/A;18/7/2025
EL SEIBO;07:30AM / 09:00PM;7;JESUS DEL ROSARIO;100;CAMIONETA;1;EL SEIBO ;MAGARIN - LOMA JOBO DULCE;"CONATRA
(CONEMPTRARE)";Interurbano;N/A;18/7/2025
EL SEIBO;07:00AM / 04:00PM;7;JOSE RAMON MERCEDES DOMINGUEZ;75;CAMIONETA;1;EL SEIBO ;CACIQUILLO- LA GINA;"CONATRA
(CONEMPTRARE)";Interurbano;N/A;18/7/2025
EL SEIBO;07:00AM / 04:00PM;7;JUAN GONZALEZ ROSA;50;CAMIONETA;1;EL SEIBO ;LA HIGUERA;"CONATRA
(CONEMPTRARE)";Interurbano;N/A;18/7/2025
EL SEIBO;07:30AM / 09:00PM;7;MANUEL DAMASO HERNANDEZ;100;CAMIONETA;1;EL SEIBO ;MAGARIN - LOMA JOBO DULCE;"CONATRA
(CONEMPTRARE)";Interurbano;N/A;18/7/2025
EL SEIBO;07:00AM / 06:00PM;7;MIGUEL ANTONIO ZORRILLA PONTIER ;100;CAMIONETA;1;EL SEIBO ;LOS GUAYUYOS;"CONATRA
(CONEMPTRARE)";Interurbano;N/A;18/7/2025
EL SEIBO;07:00AM / 06:00PM;7;PABLO GIL AQUINO;100;CAMIONETA;1;EL SEIBO ;MAGARIN - LOMA JOBO DULCE;"CONATRA
(CONEMPTRARE)";Interurbano;N/A;18/7/2025
EL SEIBO;07:00AM / 06:00PM;7;ALFREDO APONTE JOSE;125;CAMIONETA;1;EL SEIBO ;EL CUEY;"CONATRA
(CONEMPTRARE)";Interurbano;N/A;18/7/2025
EL SEIBO;06:10AM / 06:30PM;7;ASOCHOSEYPEMI;150;MICROBÚS;23;EL SEIBO ;PEDRO SANCHEZ - MICHES;"CONATRA
(CONEMPTRARE)";Interurbano;N/A;18/7/2025
EL SEIBO;04:55AM / 07:30PM;7;TSS. SRL;300;MINIBÚS;21;EL SEIBO ;SANTO DOMINGO;"CONATRA
(CONEMPTRARE)";Interurbano;N/A;18/7/2025
EL SEIBO;05:30AM / 07:30PM;7;TSS. SRL;175;MINIBÚS;21;EL SEIBO ;LA ROMANA;"CONATRA
(CONEMPTRARE)";Interurbano;N/A;18/7/2025
EL SEIBO;06:00AM / 06:00PM;7;BASILIO HERRERA MEJIA;125;CAMIONETA;1;EL SEIBO ;EL CUEY;"CONATRA
(CONEMPTRARE)";Interurbano;N/A;18/7/2025
EL SEIBO;06:00AM / 06:00PM;7;"BENANCIO SANCHEZ CEDANO 
MARIO CONSTANZO ";125;CAMIONETA;1;EL SEIBO ;EL CUEY;"CONATRA
(CONEMPTRARE)";Interurbano;N/A;18/7/2025
EL SEIBO;06:00AM / 06:00PM;7;CECILIO ANT. CORDERO DE LA ROSA;125;CAMIONETA;1;EL SEIBO ;EL CUEY;"CONATRA
(CONEMPTRARE)";Interurbano;N/A;18/7/2025
EL SEIBO;06:00AM / 06:00PM;7;ENERCIDO DE LA ROSA CASTILLO;125;CAMIONETA;1;EL SEIBO ;EL CUEY;"CONATRA
(CONEMPTRARE)";Interurbano;N/A;18/7/2025
EL SEIBO;07:30AM / 11:00PM;7;JACINTO INIRIO CARVAJAL MERCEDES;125;CAMIONETA;1;EL SEIBO ;EL CUEY;"CONATRA
(CONEMPTRARE)";Interurbano;N/A;18/7/2025
EL SEIBO;06:00AM / 06:00PM;7;"JOSE MERCEDES
DANIEL MERECES ";125;CAMIONETA;1;EL SEIBO ;EL CUEY;"CONATRA
(CONEMPTRARE)";Interurbano;N/A;18/7/2025
EL SEIBO;06:00AM / 06:00PM;7;JULIO ROSA MERCEDES;125;CAMIONETA;1;EL SEIBO ;EL CUEY;"CONATRA
(CONEMPTRARE)";Interurbano;N/A;18/7/2025
EL SEIBO;06:00AM / 06:00PM;7;MIGUEL AQUINO MEJIA;125;CAMIONETA;1;EL SEIBO ;EL CUEY;"CONATRA
(CONEMPTRARE)";Interurbano;N/A;18/7/2025
EL SEIBO;07:20AM / 11:50PM;7;SITRAMICHES ;475;MINIBÚS;1;LA COLONIA;SANTO DOMINGO;"CONATRA
(CONEMPTRARE)";Interurbano;N/A;18/7/2025
EL SEIBO;04:00AM / 05:30PM;7;SITRAMICHES ;400;MINIBÚS;18;MICHES ;SANTO DOMINGO;"CONATRA
(CONEMPTRARE)";Interurbano;N/A;18/7/2025
EL SEIBO;07:30AM / 09:00PM;7;SR. MELANIO ZORRILLA;100;CAMIONETA;0;EL SEIBO;MAGARIN;"CONATRA
(CONEMPTRARE)";Interurbano;N/A;18/7/2025
ELIAS PIÑA;04:00am / 01:00pm;7;HOMERO ANIBAL DOMINGUEZ MATA;700;MINIBÚS;2;BANICA;SANTO DOMINGO;NO AFILIADO-S;Interurbano;N/A;18/7/2025
ELIAS PIÑA;05:00AM / 12:00PM;7;ENRIQUEZ MARCELINO MORETA DE LOS SANTOS ;700;MINIBÚS;2;BANICA;SANTO DOMINGO;NO AFILIADO-S;Interurbano;N/A;18/7/2025
ELIAS PIÑA;05:00AM / 12:00PM;7;TRANSPORTE Y CARGA CEDANO SALVADOR SRL;700;AUTOBÚS;1;PEDRO SANTANA;SANTO DOMINGO;UNATRAFIN ;Interurbano;N/A;18/7/2025
ELIAS PIÑA;04:00am / 01:00pm;7;TRANSPORTE Y CARGA CEDANO SALVADOR SRL;700;MINIBÚS;2;PEDRO SANTANA;SANTO DOMINGO;UNATRAFIN ;Interurbano;N/A;18/7/2025
ELIAS PIÑA;07:00PM / 05:00PM;7;ASOCIACION CHOFERES BANICA-PEDRO SANTANA;200;MICROBÚS;1;BANICA;LAS MATAS DE FARFÁN;NO AFILIADO-S;Interurbano;N/A;18/7/2025
ELIAS PIÑA;07:00PM / 05:00PM;7;ASOCIACION CHOFERES BANICA-PEDRO SANTANA;200;CAMIONETA;4;BANICA;LAS MATAS DE FARFÁN;NO AFILIADO-S;Interurbano;N/A;18/7/2025
ELIAS PIÑA;06:00AM / 06:00PM;7;SICHOELPI ;200;MICROBÚS;4;COMENDADOR ; SAN JUAN DE LA MAGUANA;CONATRA;Interurbano;N/A;18/7/2025
ELIAS PIÑA;06:00AM / 06:00PM;7;SICHOELPI ;200;MINIBÚS;6;COMENDADOR ; SAN JUAN DE LA MAGUANA;CONATRA;Interurbano;N/A;18/7/2025
ELIAS PIÑA;06:00AM / 07:00PM;7;SICHOELPI ;150;CARROS;32;COMENDADOR ;LAS MATAS DE FARFÁN;CONATRA;Interurbano;N/A;18/7/2025
ELIAS PIÑA;06:00AM / 06:00PM;7;ASOCADU;50;CAMIONETA;25;COMENDADOR ;CARRIZAL;NO AFILIADO-S;Interurbano;N/A;18/7/2025
ELIAS PIÑA;04:00am / 01:00pm;7;FEDEOLVINA PEREZ COLON;700;MINIBÚS;1;EL LLANO ;SANTO DOMINGO;UNATRAFIN ;Interurbano;N/A;18/7/2025
ELIAS PIÑA;04:00PM / 05:00PM;7;SICHOELPI ;700;AUTOBÚS;2;ELIAS PIÑA ;SANTO DOMINGO;CONATRA;Interurbano;N/A;18/7/2025
ELIAS PIÑA;04:00PM / 05:00PM;7;SICHOELPI ;700;MINIBÚS;18;ELIAS PIÑA ;SANTO DOMINGO;CONATRA;Interurbano;N/A;18/7/2025
ELIAS PIÑA;06:00am / 06:00pm;7;AMERICO REYES;100;CAMIONETA;1;GUANITO;COMENDADOR;NO AFILIADO-S;Interurbano;N/A;18/7/2025
ELIAS PIÑA;06:00am / 06:00pm;7;BERTILIO MORETA;100;CAMIONETA;1;GUANITO -COMENDADOR-EL LLANO;LAS MATAS DE FARFÁN;NO AFILIADO-S;Interurbano;N/A;18/7/2025
ELIAS PIÑA;07:00AM / 12:00PM;7;BERNARDO ALCANTARA GARCIA;100;CAMIONETA;1;HATO VIEJO DE BANICA;COMENDADOR;NO AFILIADO-S;Interurbano;N/A;18/7/2025
ELIAS PIÑA;07:00AM / 12:00PM;7;SANDIDO VALDEZ VALLEJO;100;CAMIONETA;1;HATO VIEJO DE BANICA;COMENDADOR;NO AFILIADO-S;Interurbano;N/A;18/7/2025
ELIAS PIÑA;04:00am / 01:00pm;7;ASODUCHOVE;700;MINIBÚS;13;HONDO VALLE ;SANTO DOMINGO;FENATRANO-A;Interurbano;N/A;18/7/2025
ELIAS PIÑA;06:30AM / 02:00PM;7;DAVID FERRERAS MONTERO;600;MINIBÚS;1;JUAN SANTIAGO- ELIAS PIÑA;SANTO DOMINGO;NO AFILIADO-S;Interurbano;N/A;18/7/2025
ELIAS PIÑA;06:00AM / 12:30PM;7;CAMILO MATEO CABRERA;300;CAMIONETA;1;MACASIA ;COMENDADOR;NO AFILIADO-S;Interurbano;N/A;18/7/2025
ELIAS PIÑA;08:00AM / 07:30PM;7;RAMON EMILIO HERNANDEZ VALDEZ;150;CAMIONETA;1;POTROZO;COMENDADOR;NO AFILIADO-S;Interurbano;N/A;18/7/2025
ELIAS PIÑA;06:00am / 06:pm;7;MANUEL SANTIAGO FELIZ/ JOSE SUERO QUEZADA;100;CAMIONETA;1;SABANA LARGA;COMENDADOR;NO AFILIADO-S;Interurbano;N/A;18/7/2025
ELIAS PIÑA;07:00AM / 05:00PM;7;ASOCHOBAPE;200;CAMIONETA;0;BANICA;LAS MATAS DE FARFÁN;NO AFILIADO-S;Interurbano;N/A;18/7/2025
ELIAS PIÑA;07:00AM / 05:00PM;7;ASOCHOBAPE;200;CARROS;0;BANICA;LAS MATAS DE FARFÁN;NO AFILIADO-S;Interurbano;N/A;18/7/2025
ELIAS PIÑA;07:00AM / 05:00PM;7;ASOCHOBAPE;200;MICROBÚS;0;BANICA;LAS MATAS DE FARFÁN;NO AFILIADO-S;Interurbano;N/A;18/7/2025
ELIAS PIÑA;06:00AM / 12:30PM;7;FERNANDITO MATEO CABRERA;300;CAMIONES;0;MACASIA;COMENDADOR;NO AFILIADO-S;Interurbano;N/A;18/7/2025
ELIAS PIÑA;06:00AM / 12:30PM;7;GONZALO BERNARDO CABRERA;300;CAMIONES;0;MACASIA;COMENDADOR;NO AFILIADO-S;Interurbano;N/A;18/7/2025
ELIAS PIÑA;06:00AM / 12:30PM;7;JOSELITO MORILLO MORILLO;300;CAMIONETA;0;SABANA LARGA;COMENDADOR;NO AFILIADO-S;Interurbano;N/A;18/7/2025
ELIAS PIÑA;04:00am / 01:00pm;7;ALIRIO ORTIZ VALDEZ;700;MINIBÚS;1;GUANITO (EL LLANO);SANTO DOMINGO;NO AFILIADO-S;Interurbano;N/A;18/7/2025
ELIAS PIÑA;06:00am / 06:00pm;7;AMERICO REYES;100;CAMIONETA;1;GUANITO (EL LLANO);COMENDADOR;NO AFILIADO-S;Interurbano;N/A;18/7/2025
ELIAS PIÑA;06:00AM / 12:30PM;7;ANGEL BIENVENIDO CABRERA VALVDEZ;300;CAMIONETA;1;MACASIA;COMENDADOR;NO AFILIADO-S;Interurbano;N/A;18/7/2025
ELIAS PIÑA;06:00am / 06:00pm;7;APOLINAR SANCHEZ SANCHEZ;100;CAMIONETA;1;GUANITO (EL LLANO);COMENDADOR;NO AFILIADO-S;Interurbano;N/A;18/7/2025
ELIAS PIÑA;06:00am / 06:00pm;7;BERTILIO MORETA;100;CAMIONETA;1;GUANITO (EL LLANO);COMENDADOR O LAS MATAS DE FARFAN;NO AFILIADO-S;Interurbano;N/A;18/7/2025
ELIAS PIÑA;04:00am / 01:00pm;7;DIOGENES BAUTISTA;700;MINIBÚS;1;EL LLANO - COMENDADOR;SANTO DOMINGO;NO AFILIADO-S;Interurbano;N/A;18/7/2025
ELIAS PIÑA;06:00AM / 12:30PM;7;DOMINGO BERNARDO;300;CAMIONETA;1;MACASIA;COMENDADOR;NO AFILIADO-S;Interurbano;N/A;18/7/2025
ELIAS PIÑA;06:00AM / 12:30PM;7;FERMIN VALDEZ Y VALDEZ;300;CAMIONETA;1;MACASIA;COMENDADOR;NO AFILIADO-S;Interurbano;N/A;18/7/2025
ELIAS PIÑA;06:00AM / 12:30PM;7;MARIA JAQUEZ;300;CAMIONETA;1;MACASIA;COMENDADOR;NO AFILIADO-S;Interurbano;N/A;18/7/2025
ELIAS PIÑA;04:00am / 01:00pm;7;MAXIMO RIVERA Y CARVAJAL;600;MINIBÚS;1;BANICA;SANTO DOMINGO;NO AFILIADO-S;Interurbano;N/A;18/7/2025
ESPAILLAT;05:00AM / 04:00PM;7;LINEA GLADYS;350;MINIBÚS;1;GASPAR HERNÁNDEZ ;SANTIAGO DE LOS CABALLEROS;"CONATRA
(FETRAPROES)";Interurbano;N/A;18/7/2025
ESPAILLAT;06:00AM / 02:00PM;7;SINCHOGAHEJOBA;100;CARROS;32;GASPAR HERNÁNDEZ ;JOBA ARRIBA;"CONATRA
(FETRAPROES)";Interurbano;N/A;18/7/2025
ESPAILLAT;06:00AM / 06:00PM;7;YOLANDA ALMONTE AGRAMONTE;350;MICROBÚS;1;GASPAR HERNÁNDEZ ;SANTIAGO DE LOS CABALLEROS;"CONATRA
(FETRAPROES)";Interurbano;N/A;18/7/2025
ESPAILLAT;05:30AM / 05:00PM;7;ÁNGEL JIMÉNEZ ÁNGELES;300;MICROBÚS;1;MOCA;SANTO DOMINGO;"CONATRA
(FETRAPROES)";Interurbano;N/A;18/7/2025
ESPAILLAT;07:00AM/10:00AM/02:00PM Y 05:00PM;7;EXPRESO EL VIADUCTO SRL;350;AUTOBÚS;4;MOCA;SANTO DOMINGO;"CONATRA
(FETRAPROES)";Interurbano;N/A;18/7/2025
ESPAILLAT;07:00AM / 02:00PM;7;SICHOCABECAMO;150;CAMIONETA;12;MOCA;LAS CAOBAS;"CONATRA
(FETRAPROES)";Interurbano;N/A;18/7/2025
ESPAILLAT;07:00AM / 02:00PM;7;EMPRESA DE TRANSPORTE SICHOCARAMOCA,S.R.L.;50;CARROS;6;MOCA;HIGUERITO;"CONATRA
(FETRAPROES)";Interurbano;N/A;18/7/2025
ESPAILLAT;07:00AM / 02:00PM;7;EMPRESA DE TRANSPORTE SICHOCARAMOCA,S.R.L.;50;CARROS;22;MOCA;AUT. RAMON CACERES;"CONATRA
(FETRAPROES)";Interurbano;N/A;18/7/2025
ESPAILLAT;06:00AM / 07:30PM;7;SICHOJULO;50;CARROS;38;MOCA;JUAN LOPEZ;"CONATRA
(FETRAPROES)";Interurbano;N/A;18/7/2025
ESPAILLAT;06:00AM / 07:30PM;7;SICHOJULO;50;CAMIONETA;1;MOCA;JUAN LOPEZ;"CONATRA
(FETRAPROES)";Interurbano;N/A;18/7/2025
ESPAILLAT;06:00AM / 07:00PM;7;SICHOLAMO;50;MICROBÚS;23;MOCA;LAS LAGUNAS;"CONATRA
(FETRAPROES)";Interurbano;N/A;18/7/2025
ESPAILLAT;06:00AM / 05:00PM;7;SICHOMIHEMO SRL;250;CARROS;5;MOCA;GASPAR HERNANDEZ;"CONATRA
(FETRAPROES)";Interurbano;N/A;18/7/2025
ESPAILLAT;06:00AM / 05:00PM;7;SICHOMIHEMO SRL;250;MICROBÚS;16;MOCA;GASPAR HERNANDEZ;"CONATRA
(FETRAPROES)";Interurbano;N/A;18/7/2025
ESPAILLAT;07:20AM / 12:00PM;7;SICHOMOBUYES;250;CARROS;3;MOCA;LOS BUEYES;"CONATRA
(FETRAPROES)";Interurbano;N/A;18/7/2025
ESPAILLAT;07:20AM / 12:00PM;7;SICHOMOBUYES;250;MICROBÚS;2;MOCA;LOS BUEYES;"CONATRA
(FETRAPROES)";Interurbano;N/A;18/7/2025
ESPAILLAT;07:20AM / 12:00PM;7;SICHOMOBUYES;250;CAMIONETA;12;MOCA;LOS BUEYES;"CONATRA
(FETRAPROES)";Interurbano;N/A;18/7/2025
ESPAILLAT;05:30AM / 07:00PM;7;SICHOMOCA;300;MINIBÚS;31;MOCA;SANTO DOMINGO;"CONATRA
(FETRAPROES)";Interurbano;N/A;18/7/2025
ESPAILLAT;06:30AM / 02:00PM;7;SICHOMOVI;250;CARROS;19;MOCA;VILLA TRINA - JAMAO AFUERA;"CONATRA
(FETRAPROES)";Interurbano;N/A;18/7/2025
ESPAILLAT;06:30AM / 02:00PM;7;SICHOMOVI;250;CAMIONETA;7;MOCA;VILLA TRINA - JAMAO AFUERA;"CONATRA
(FETRAPROES)";Interurbano;N/A;18/7/2025
ESPAILLAT;06:30AM / 02:00PM;7;SICHOPALMA;100;CARROS;2;MOCA;POZO DE PALMA;"CONATRA
(FETRAPROES)";Interurbano;N/A;18/7/2025
ESPAILLAT;06:30AM / 02:00PM;7;SICHOPALMA;100;CAMIONETA;2;MOCA;POZO DE PALMA;"CONATRA
(FETRAPROES)";Interurbano;N/A;18/7/2025
ESPAILLAT;06:30AM / 05:00PM;7;SICHOUMO;100;CARROS;8;MOCA;SANTIAGO DE LOS CABALLEROS;"CONATRA
(FETRAPROES)";Interurbano;N/A;18/7/2025
ESPAILLAT;06:30AM / 05:00PM;7;SICHOUMO;100;MICROBÚS;44;MOCA;SANTIAGO DE LOS CABALLEROS;"CONATRA
(FETRAPROES)";Interurbano;N/A;18/7/2025
ESPAILLAT;06:30AM / 06:30PM;7;SINCHOCAGE;50;CARROS;16;MOCA;CAYETANO GERMOSÉN;"CONATRA
(FETRAPROES)";Interurbano;N/A;18/7/2025
ESPAILLAT;06:30AM / 06:30PM;7;SINCHOCAGE;50;CAMIONETA;3;MOCA;CAYETANO GERMOSÉN;"CONATRA
(FETRAPROES)";Interurbano;N/A;18/7/2025
ESPAILLAT;06:00AM / 07:30PM;7;SINCHOMAIC;50;CARROS;19;MOCA;AEROPUERTºO (SANTIAGO DE LOS CABALLEROS );"CONATRA
(FETRAPROES)";Interurbano;N/A;18/7/2025
ESPAILLAT;05:00AM / 10:00PM;7;SINCHOSAVIC;50;CARROS;80;MOCA;CANCA LA PIEDRA;"CONATRA
(FETRAPROES)";Interurbano;N/A;18/7/2025
ESPAILLAT;06:00AM / 07:20PM;7;ASOCHOMOSA;100;MICROBÚS;16;MOCA ;SALCEDO;"CONATRA
(FETRAPROES)";Interurbano;N/A;18/7/2025
ESPAILLAT;05:00AM y 12:30PM;7;Empresa de Transporte Santos Fernández, E.I.R.L .;350;MICROBÚS;1;SABANETA DE YÁSICA;SANTIAGO DE LOS CABALLEROS;"CONATRA
(FETRAPROES)";Interurbano;N/A;2/10/2025
HATO MAYOR;06:40AM / 07:00PM;7;SICHOINSE SRL;80;MICROBÚS;20;HATO MAYOR;EL SEIBO;"CONATRA
(CONEMPTRARE)";Interurbano;N/A;18/7/2025
HATO MAYOR;07:40AM / 05:40PM;7;ASOCHOTRAUR HM;35;MICROBÚS;8;HATO MAYOR;LOS HATILLOS;"CONATRA
(CONEMPTRARE)";Interurbano;N/A;18/7/2025
HATO MAYOR;05:00AM / 07:00PM;7;SICHOTRAHAM (COCHOTRAHS);100;MICROBÚS;10;HATO MAYOR;SAN PEDRO DE MACORIS;MOCHOTRAN ;Interurbano;N/A;18/7/2025
HATO MAYOR;06:30AM / 06:30PM;7;SITRAHAMSA SRL;150;MICROBÚS;33;HATO MAYOR;SABANA DE LA MAR;"CONATRA
(CONEMPTRARE)";Interurbano;N/A;18/7/2025
HATO MAYOR;06:00AM / 08:00PM;7;SITRAHAM S.R.L.;100;MINIBÚS;31;HATO MAYOR;SAN PEDRO DE MACORIS;"CONATRA
(CONEMPTRARE)";Interurbano;N/A;18/7/2025
HATO MAYOR;05:00AM / 06:00PM;7;SITRAHAM S.R.L.;225;MINIBÚS;27;HATO MAYOR;SANTO DOMINGO;"CONATRA
(CONEMPTRARE)";Interurbano;N/A;18/7/2025
HATO MAYOR;06:00AM / 06:00PM;7;SITRAHAMVI;100;MICROBÚS;11;HATO MAYOR;VICENTILLO;"CONATRA
(CONEMPTRARE)";Interurbano;N/A;18/7/2025
HATO MAYOR;06:00AM / 06:00PM;7;SITRAHAMVI;100;CAMIONETA;0;HATO MAYOR;VICENTILLO;"CONATRA
(CONEMPTRARE)";Interurbano;N/A;18/7/2025
HATO MAYOR;07:00AM / 12:00PM;7;ASOCHOTRAHAMPU;100;CAMIONETA;12;HATO MAYOR;EL PUERTO;"CONATRA
(CONEMPTRARE)";Interurbano;N/A;18/7/2025
HATO MAYOR;06:00AM / 06:0PM;7;ASOCHOMAPA;100;CAMIONETA;2;MATA DE PALMA;HATO MAYOR;"CONATRA
(CONEMPTRARE)";Interurbano;N/A;18/7/2025
HATO MAYOR;06:00AM / 06:0PM;7;ASOCHOSIN;120;MICROBÚS;33;SABANA DE LA MAR ;MICHES;"CONATRA
(CONEMPTRARE)";Interurbano;N/A;18/7/2025
HATO MAYOR;06:00AM / 06:0PM;7;ASOTRASAMAR SRL;350;MINIBÚS;20;SABANA DE LA MAR ;SANTO DOMINGO;"CONATRA
(CONEMPTRARE)";Interurbano;N/A;18/7/2025
HATO MAYOR;05:00AM / 06:00PM;7;ASOTRASAMAR SRL;350;MICROBÚS;3;SABANA DE LA MAR ;SANTO DOMINGO;"CONATRA
(CONEMPTRARE)";Interurbano;N/A;18/7/2025
HATO MAYOR;06:00AM / 06:0PM;7;ASOTRASABAHY;150;MINIBÚS;18;SABANA DE LA MAR;HIGUEY POR MICHES;"CONATRA
(CONEMPTRARE)";Interurbano;N/A;18/7/2025
HATO MAYOR;06:00AM / 06:0PM;7;ASOCHOHAMJO;150;CAMIONETA;0;HATO MAYOR;EL JOBO;"CONATRA
(CONEMPTRARE)";Interurbano;N/A;18/7/2025
HERMANAS MIRABAL;06:00AM / 06:00PM;7;FELIPE DE JESUS HENRIQUEZ CRUZ;150;CAMIONETA;1;SALCEDO;MONTELLANO;NO AFILIADO-S;Interurbano;N/A;18/7/2025
HERMANAS MIRABAL;07:15AM / 06:15PM;7;SICHOCAPUSATE;100;MICROBÚS;9;SALCEDO ;TENARES;CONATRA;Interurbano;N/A;18/7/2025
HERMANAS MIRABAL;07:15AM / 06:15PM;7;SICHOCAPUSATE;100;CARROS;9;SALCEDO ;TENARES;CONATRA;Interurbano;N/A;18/7/2025
HERMANAS MIRABAL;05:00AM / 06:00PM;7;SICHOSA;150;MICROBÚS;22;SALCEDO ;SANTIAGO DE LOS CABALLEROS;CONATRA;Interurbano;N/A;18/7/2025
HERMANAS MIRABAL;06:00AM / 05:30PM;7;ASOCHOSAVE;100;CAMIONETA;2;SALCEDO ;LA VEGA;MOCHOTRAN ;Interurbano;N/A;18/7/2025
HERMANAS MIRABAL;06:45AM / 05:00PM;7;ASOCHOSAVE;100;CARROS;5;SALCEDO ;LA VEGA;MOCHOTRAN ;Interurbano;N/A;18/7/2025
HERMANAS MIRABAL;06:45AM / 05:00PM;7;ASOCHOSAVE;100;MICROBÚS;10;SALCEDO ;LA VEGA;MOCHOTRAN ;Interurbano;N/A;18/7/2025
HERMANAS MIRABAL;06:00AM Y 02:00PM;7;"JOSE RAMON GARCIA JISBELT
 JUAN ALBERTO GARCIA";350;MICROBÚS;1;SAN JOSE DE LOS CONUCOS;SANTO DOMINGO;NO AFILIADO-S;Interurbano;N/A;18/7/2025
HERMANAS MIRABAL;06:00AM Y 02:00PM;7;MARINO ANTONIO POLANCO;200;CAMIONETA;1;SONADOR - BLANCO ABAJO ;TENARES;NO AFILIADO-S;Interurbano;N/A;18/7/2025
HERMANAS MIRABAL;06:00AM Y 02:00PM;7;RAFAEL ADAN LUNA;200;CAMIONETA;1;SONADOR - BLANCO ABAJO ;TENARES;NO AFILIADO-S;Interurbano;N/A;18/7/2025
HERMANAS MIRABAL;06:00AM / 05:30PM;7;SITRATEJO;125;MICROBÚS;64;TENARES;JOBA ARRIBA;CONATRA;Interurbano;N/A;18/7/2025
HERMANAS MIRABAL;06:00AM / 05:30PM;7;SICHOTRANPU;300;MINIBÚS;9;TENARES;SANTO DOMINGO;CONATRA;Interurbano;N/A;18/7/2025
HERMANAS MIRABAL;06:00AM / 05:30PM;7;SICHOTRANPU;300;AUTOBÚS;0;TENARES;SANTO DOMINGO;CONATRA;Interurbano;N/A;18/7/2025
HERMANAS MIRABAL;06:00AM / 02:00PM;7;RAMON MAGDALENO GUTIERREZ DE LEON;90;CAMIONETA;1;TENARES;BAMBU;NO AFILIADO-S;Interurbano;N/A;18/7/2025
HERMANAS MIRABAL;06:00AM / 02:00PM;7;"LINEA SANTO CURA DE ARS
 FRANKLIO CONTRERA";350;MICROBÚS;1;SAN JOSE DE LOS CONUCOS;SANTO DOMINGO;NO AFILIADO-S;Interurbano;N/A;18/7/2025
HERMANAS MIRABAL;05:00AM / 06:00PM;7;"VINICIO MARTINEZ 
DANNY DE LOS SANT0S MARTINEZ";250;MICROBÚS;1;VI LLA TAPIA;SANTIAGO DE LOS CABALLEROS;NO AFILIADO-S;Interurbano;N/A;18/7/2025
INDEPENDENCIA;06:00AM / 06:0PM;7;"FRANKLIN GERARDO
 ESPINOSA RAMÍREZ";200;MICROBÚS;1;GUAYABAL;NEIBA;UNATRAFIN ;Interurbano;N/A;18/7/2025
INDEPENDENCIA;06:00AM / 06:0PM;7;"JUAN ESTEBAN MEDINA 
TRINIDAD";1000;CAMIONETA;1;SABANA REAL-LOS PINOS;NEIBA;UNATRAFIN ;Interurbano;N/A;18/7/2025
INDEPENDENCIA;06:00AM / 06:0PM;7;"FRANCISCO ALBERTO MEDINA
 MENDEZ";1000;CAMIONETA;1;SABANA REAL-LOS PINOS;NEIBA;UNATRAFIN ;Interurbano;N/A;18/7/2025
INDEPENDENCIA;06:00AM / 06:0PM;7;"VICTORIANO MEDINA
 FERRERA";1000;CAMIONETA;1;SABANA REAL-LOS PINOS;NEIBA;UNATRAFIN ;Interurbano;N/A;18/7/2025
INDEPENDENCIA;06:00AM / 06:0PM;7;ASOCHODUMIJI;300;MICROBÚS;32;JIMANI;SANTA CRUZ DE BARAHONA;CONATRA;Interurbano;N/A;18/7/2025
INDEPENDENCIA;06:00AM / 06:0PM;7;ASOCHODUMIJI;300;MICROBUS;7;JIMANI;SANTA CRUZ DE BARAHONA;CONATRA;Interurbano;N/A;18/7/2025
INDEPENDENCIA;06:00AM / 06:0PM;7;"ENNY YOBANNY
MENDEZ OTAÑEZ";1000;CAMIONETA;1;SABANA REAL-LOS PINOS;NEIBA;UNATRAFIN ;Interurbano;N/A;18/7/2025
INDEPENDENCIA;06:00AM / 06:0PM;7;"JUAN ANTONIO
 DUVAL TRINIDAD";1000;CAMIONETA;1;SABANA REAL-LOS PINOS;NEIBA;UNATRAFIN ;Interurbano;N/A;18/7/2025
INDEPENDENCIA;06:00AM / 06:0PM;7;ELIGIO ENCARNACION;1000;CAMIONETA;1;SABANA REAL-LOS PINOS;NEIBA;UNATRAFIN ;Interurbano;N/A;18/7/2025
INDEPENDENCIA;06:00AM / 06:0PM;7;"JUAN RICARDO 
SOTO DE OLIO";1000;CAMIONETA;1;SABANA REAL-LOS PINOS;NEIBA;UNATRAFIN ;Interurbano;N/A;18/7/2025
INDEPENDENCIA;06:00AM / 06:0PM;7;"FREDYS ALEXIS 
MENDEZ MENDEZ";1000;CAMIONETA;1;SABANA REAL-LOS PINOS;NEIBA;UNATRAFIN ;Interurbano;N/A;18/7/2025
INDEPENDENCIA;06:00AM / 06:0PM;7;"EMILIO JUANKEY 
MEDINA CUEVAS";1000;CAMIONETA;1;SABANA REAL-LOS PINOS;NEIBA;UNATRAFIN ;Interurbano;N/A;18/7/2025
INDEPENDENCIA;06:00AM / 06:0PM;7;FRANCIS ENRIQUEZ MEDINA MEDINA;1000;CAMIONETA;1;SABANA REAL-LOS PINOS;NEIBA;UNATRAFIN ;Interurbano;N/A;18/7/2025
INDEPENDENCIA;01:00AM / 05:00PM;7;COMPAÑIA DE SERVICIOS DE TRANSPORTE DE PASAJEROS JIMANÍ - SANTO DOMINGO (COTRAPAJISADO);700;AUTOBÚS;23;JIMANI;SANTO DOMINGO;CONATRA;Interurbano;N/A;18/7/2025
INDEPENDENCIA;01:00AM / 05:00PM;7;COMPAÑIA DE SERVICIOS DE TRANSPORTE DE PASAJEROS JIMANÍ - SANTO DOMINGO (COTRAPAJISADO);700;MINIBÚS;8;JIMANI;SANTO DOMINGO;CONATRA;Interurbano;N/A;18/7/2025
INDEPENDENCIA;06:00AM / 06:0PM;7;ASODADUVE;200;MICROBÚS;8;DUVERGE ;JIMANI;UNATRAFIN ;Interurbano;N/A;18/7/2025
INDEPENDENCIA;06:00AM / 06:0PM;7;ASODADUVE;250;MICROBÚS;16;DUVERGE ;SANTA CRUZ DE BARAHONA;CONATRA;Interurbano;N/A;18/7/2025
INDEPENDENCIA;06:00AM / 06:0PM;7;ASODUVETRADUNE;150;CAMIONETA;2;DUVERGE ;NEIBA;CONATRA;Interurbano;N/A;18/7/2025
INDEPENDENCIA;06:00AM / 06:0PM;7;ASODUVETRADUNE;150;MICROBÚS;18;DUVERGE ;NEIBA;CONATRA;Interurbano;N/A;18/7/2025
INDEPENDENCIA;06:00AM / 06:0PM;7;ASODUVETRADUNE;150;CARROS;3;DUVERGE ;NEIBA;CONATRA;Interurbano;N/A;18/7/2025
INDEPENDENCIA;04:00AM / 04:00pm;7;ASODADUVE;500;MINIBÚS;18;DUVERGE ;SANTO DOMINGO;CONATRA;Interurbano;N/A;18/7/2025
INDEPENDENCIA;06:00AM / 06:0PM;7;ASOMICAMOMAJI;100;MICROBÚS;17;JIMANI ;MAL PASO;CONATRA;Interurbano;N/A;18/7/2025
INDEPENDENCIA;06:00AM / 06:0PM;7;ASOMICAMOMAJI;100;CARROS;18;JIMANI ;MAL PASO;CONATRA;Interurbano;N/A;18/7/2025
INDEPENDENCIA;06:00AM / 06:0PM;7;ALEJANDRO TRINIDAD PERDOMO;1000;CAMIONETA;1;SABANA REAL-LOS PINOS;NEIBA;UNATRAFIN ;Interurbano;N/A;18/7/2025
LA ALTAGRACIA;07:00AM/09:00AM/01:00AM/04:00PM;7;APTPRA SRL;400;AUTOBÚS;8;BAVARO;SANTO DOMINGO;N/A;Interurbano;N/A;18/7/2025
LA ALTAGRACIA;06:00AM / 07:00PM;7;SICHOAYURO;150;MINIBÚS;8;BOCA DE YUMA;LA ROMANA;N/A;Interurbano;N/A;18/7/2025
LA ALTAGRACIA;06:00AM / 07:00PM;7;APTPRA SRL;225;AUTOBÚS;27;HIGUEY;SAN PEDRO DE MACORIS;N/A;Interurbano;N/A;18/7/2025
LA ALTAGRACIA;05:00AM/09:00PM;7;COMPAÑÍA DE TRANSPORTE EXPRESO PUNTA CANA COMTRAEXPU, S.R.L.;300;AUTOBÚS;10;BAVARO-PUNTA CANA;SAN PEDRO DE MACORIS;N/A;Interurbano;N/A;2/10/2025
LA ALTAGRACIA;05:00AM/09:00PM;7;COMPAÑÍA DE TRANSPORTE EXPRESO PUNTA CANA COMTRAEXPU, S.R.L.;400;AUTOBÚS;7;BAVARO;SANTO DOMINGO;N/A;Interurbano;N/A;2/10/2025
LA ALTAGRACIA;05:00AM/09:00PM;7;EMPRESA COTRABAPU COMPAÑIA DE TRANSPORTE BAVARO PUNTA CANA, S.R.L.;-;AUTOBÚS;25;HIGUEY;JUANILLO;N/A;Interurbano;N/A;2/10/2025
;INACTIVA;7;APTPRA SRL;0;;;BAVARO;SAN PEDRO DE MACORIS;N/A;Interurbano;N/A;18/7/2025
LA ALTAGRACIA;04:00AM / 08:30PM;7;APTPRA SRL;350;AUTOBÚS;42;HIGUEY;SANTO DOMINGO;N/A;Interurbano;N/A;18/7/2025
LA ALTAGRACIA;06:00AM / 08:00PM;7;ASOCIACION DE TAXIS HIGUEY- VILLA HORTENSIA ;70;MICROBÚS;8;HIGUEY;VILLA HORTENCIA;N/A;Interurbano;N/A;18/7/2025
LA ALTAGRACIA;06:30AM / 05:00PM;7;ASOTRAHICANP;100;CAMIONETA;12;HIGUEY;CAMPO NUEVO;N/A;Interurbano;N/A;18/7/2025
LA ALTAGRACIA;06:30AM / 05:00PM;7;ASOTRAIHS;170;AUTOBÚS;4;HIGUEY;HATO MAYOR;N/A;Interurbano;N/A;18/7/2025
LA ALTAGRACIA;05:00AM / 10:00PM;7;ASOTRAIHS;140;AUTOBÚS;6;HIGUEY;EL SEIBO;N/A;Interurbano;N/A;18/7/2025
LA ALTAGRACIA;07:00AM / 05:00PM;7;ASOTRAIHS;150;MICROBÚS;4;HIGUEY;BAYAHIBE;N/A;Interurbano;N/A;18/7/2025
LA ALTAGRACIA;06:00AM / 08:00PM;7;HIGUEY TAXI;50;MICROBÚS;45;HIGUEY;LA OTRA BANDA;N/A;Interurbano;N/A;18/7/2025
LA ALTAGRACIA;06:00AM / 07:00PM;7;COPROTRAYU SRL;125;MICROBÚS;20;HIGUEY;BOCA DE YUMA (CABO SAN RAFAEL);N/A;Interurbano;N/A;18/7/2025
LA ALTAGRACIA;06:00AM / 07:00PM;7;COTRABAPU SRL;150;MINIBÚS;10;HIGUEY;CABEZA DE TORO;N/A;Interurbano;N/A;18/7/2025
LA ALTAGRACIA;05:00AM  /10:30PM;7;COTRABAPU SRL;450;AUTOBÚS;7;BÁVARO;SANTO DOMINGO;N/A;Interurbano;N/A;18/7/2025
LA ALTAGRACIA;05:00AM  /10:30PM;7;COTRABAPU SRL;150;AUTOBÚS;23;HIGUEY;ARENA GORDA (BAVARO-);N/A;Interurbano;N/A;18/7/2025
LA ALTAGRACIA;07:00AM / 05:30PM;7;SITRACARPA;100;CAMIONETA;15;HIGUEY;HATO DE MANA;N/A;Interurbano;N/A;18/7/2025
LA ALTAGRACIA;07:00AM / 05:30PM;7;SITRACARPA;100;MICROBÚS;0;HIGUEY;HATO DE MANA;N/A;Interurbano;N/A;18/7/2025
LA ALTAGRACIA;06:30AM / 05:00PM;7;SITRAHABLA;150;CAMIONETA;14;HIGUEY;ANAMUYITA- BLANDINO;N/A;Interurbano;N/A;18/7/2025
LA ALTAGRACIA;05:00AM / 06:30PM;7;SITRAHIMA;145;MINIBÚS;9;HIGUEY;UVERO ALTO;N/A;Interurbano;N/A;18/7/2025
LA ALTAGRACIA;05:00AM / 06:30PM;7;SITRAHIMA;145;MINIBÚS;9;HIGUEY;ARENA GORDA;N/A;Interurbano;N/A;18/7/2025
LA ALTAGRACIA;06:00AM / 07:00PM;7;SITRAHIMARA;100;CAMIONETA;14;HIGUEY;MARAGUA;N/A;Interurbano;N/A;18/7/2025
LA ALTAGRACIA;06:00AM / 07:00PM;7;SITRAHIMARA;100;MICROBÚS;0;HIGUEY;MARAGUA;N/A;Interurbano;N/A;18/7/2025
LA ALTAGRACIA;05:00AM / 06:30PM;7;APTRAHIMI SRL;225;MICROBÚS Y MINIBUS;4;HIGUEY;MICHES;N/A;Interurbano;N/A;18/7/2025
LA ALTAGRACIA;05:30AM / 08:30PM;7;SITRAHIR;150;MINIBÚS;23;HIGUEY;LA ROMANA;N/A;Interurbano;N/A;18/7/2025
LA ALTAGRACIA;05:30AM / 08:30PM;7;SITRAHIR;150;AUTOBÚS;8;HIGUEY;LA ROMANA;N/A;Interurbano;N/A;18/7/2025
LA ALTAGRACIA;05:00AM  /10:30PM;7;COTRABAPU SRL;150;MINIBÚS;22;HIGUEY ;JUANILLO;N/A;Interurbano;N/A;18/7/2025
LA ROMANA;05:00AM / 05:00PM;7;COTRAROLIBADO SRL;85;MINIBÚS;15;LA ROMANA;BAYAHIBE- DOMINICUS;N/A;Interurbano;N/A;18/7/2025
LA ROMANA;05:00AM / 05:00PM;7;COTRAROLIBADO SRL;85;MICROBÚS;5;LA ROMANA;BAYAHIBE- DOMINICUS;N/A;Interurbano;N/A;18/7/2025
LA ROMANA;05:00AM / 05:00PM;7;COTRAROLIBADO SRL;250;MINIBÚS;1;BAYAHIBE;SANTO DOMINGO;N/A;Interurbano;N/A;18/7/2025
LA ROMANA;05:00AM / 05:00PM;7;COTRAROLIBADO SRL;250;AUTOBÚS;1;BAYAHIBE;SANTO DOMINGO;N/A;Interurbano;N/A;18/7/2025
LA ROMANA;07:00AM / 05:00PM;7;ASODEMIROBAN SRL;250;MINIBÚS;1;BAYAHIBE;SANTO DOMINGO;N/A;Interurbano;N/A;18/7/2025
LA ROMANA;07:00AM / 05:00PM;7;ASOMIRO;250;MINIBÚS;3;BAYAHIBE;SANTO DOMINGO;N/A;Interurbano;N/A;18/7/2025
LA ROMANA;06:00AM / 06:00PM;7;SAMUEL PEMBUTON BERAS;75;MICROBÚS;2;GUAYMATE;LA ROMANA;"CONATRA
(CONEMTRARE)";Interurbano;N/A;18/7/2025
LA ROMANA;05:30AM / 10:00PM;7; ASOCHOPROMI;40;MICROBÚS;40;LA ROMANA;VILLA CALETA;N/A;Interurbano;N/A;18/7/2025
LA ROMANA;06:00AM / 06:00PM;7;ASODEMIROBAN SRL;85;MICROBÚS;2;LA ROMANA;BAYAHIBE- DOMINICUS;N/A;Interurbano;N/A;18/7/2025
LA ROMANA;07:30AM / 07:00PM;7; SICHOEM;40;MICROBÚS;15;LA ROMANA;CUMAYASA;"CONATRA
(CONEMTRARE)";Interurbano;N/A;18/7/2025
LA ROMANA;05:20AM / 10:30PM;7; SICHOEM;100;AUTOBÚS;15;LA ROMANA;SAN PEDRO DE MACORIS;"CONATRA
(CONEMTRARE)";Interurbano;N/A;18/7/2025
LA ROMANA;05:00AM / 09:30PM;7; SICHOEM;230;AUTOBÚS;60;LA ROMANA;SANTO DOMINGO;"CONATRA
(CONEMTRARE)";Interurbano;N/A;18/7/2025
LA ROMANA;06:00AM / 06:00PM;7; SICHOEM;40;MICROBÚS;6;LA ROMANA;CUCAMA;"CONATRA
(CONEMTRARE)";Interurbano;N/A;18/7/2025
LA ROMANA;05:20AM / 10:30PM;7; SICHOEM;40;MINIBÚS;5;LA ROMANA;SAN PEDRO DE MACORIS;"CONATRA
(CONEMTRARE)";Interurbano;N/A;18/7/2025
LA ROMANA;06:00AM / 06:00PM;7;ASOCHOPROLERO;100;MINIBÚS;11;LA ROMANA;BATEY LECHUGA;"CONATRA
(CONEMTRARE)";Interurbano;N/A;18/7/2025
LA ROMANA;05:30AM / 07:00PM;7;ASOCHOPROROCOL;140;MICROBÚS;14;LA ROMANA;COLON;N/A;Interurbano;N/A;18/7/2025
LA ROMANA;05:30AM / 07:00PM;7;ASOCHOPROROCOL;140;CAMIONETA;1;LA ROMANA;COLON;N/A;Interurbano;N/A;18/7/2025
LA ROMANA;05:30AM / 07:30PM;7;ASOMIRO;210;MINIBÚS, AUTOBUS;39;LA ROMANA;SANTO DOMINGO;N/A;Interurbano;N/A;18/7/2025
LA ROMANA;06:00AM / 07:00PM;7;ASOMIRO;40;MICROBÚS, MINIBUS;20;LA ROMANA;CUMAYASA;N/A;Interurbano;N/A;18/7/2025
LA ROMANA;06:00AM / 07:00PM;7;ASOMIRO;40;MICROBÚS;10;LA ROMANA;CUCAMA;N/A;Interurbano;N/A;18/7/2025
LA ROMANA;05:00AM / 07:30PM;7;ASOMIRO;100;MINIBÚS;12;LA ROMANA;SAN PEDRO DE MACORIS;N/A;Interurbano;N/A;18/7/2025
LA ROMANA;05:00AM / 07:30PM;7;ASOMIRO;100;AUTOBÚS;0;LA ROMANA;SAN PEDRO DE MACORIS;N/A;Interurbano;N/A;18/7/2025
LA ROMANA;05:30AM / 07:30PM;7;SICHOMIGUA;75;MINIBÚS;21;LA ROMANA;GUAYMATE;"CONATRA
(CONEMTRARE)";Interurbano;N/A;18/7/2025
LA VEGA;06:00AM / 05:00PM ;7;SITRAPACONST;500;MINIBÚS;2;CONSTANZA;SANTO DOMINGO;CONATRA;Interurbano;N/A;18/7/2025
LA VEGA;06:00AM / 05:00PM ;7;SITRAPACONST;75;CARROS, MICROBUS;4;CONSTANZA;TIREO;CONATRA;Interurbano;N/A;18/7/2025
LA VEGA;06:00AM / 05:00PM ;7;SITRAPACONST;150;MICROBÚS;1;CONSTANZA;EL RIO;CONATRA;Interurbano;N/A;18/7/2025
LA VEGA;06:00AM / 05:00PM ;7;SITRAPACONST;400;MINIBÚS;2;CONSTANZA;LA VEGA;CONATRA;Interurbano;N/A;18/7/2025
LA VEGA;05:00AM / 01:30PM;7;LINEA JUNIOR;500;MINIBÚS;2;CONSTANZA;SANTIAGO DE LOS CABALLEROS;CONATRA;Interurbano;N/A;18/7/2025
LA VEGA;06:00AM / 05:00PM ;7;SITRAPACONST;250;CAMIONETA;34;CONSTANZA;ABANICO;CONATRA;Interurbano;N/A;18/7/2025
LA VEGA;06:00AM / 05:00PM ;7;SITRAPACONST;250;CAMIONETA;13;CONSTANZA;JARABACOA;CONATRA;Interurbano;N/A;18/7/2025
LA VEGA;06:00AM / 05:00PM ;7;SITRAPACONST;75;CAMIONETA;12;CONSTANZA;TIREO;CONATRA;Interurbano;N/A;18/7/2025
LA VEGA;06:00AM / 05:00PM ;7;SITRAPACONST;150;CAMIONETA;4;CONSTANZA;EL RIO;CONATRA;Interurbano;N/A;18/7/2025
LA VEGA;06:00AM / 05:00PM ;7;SITRAPACONST;400;CAMIONETA;1;CONSTANZA;LA VEGA;CONATRA;Interurbano;N/A;18/7/2025
LA VEGA;06:00AM / 05:00PM ;7;SITRAPACONST;250;MICROBÚS;7;CONSTANZA;ABANICO;CONATRA;Interurbano;N/A;18/7/2025
LA VEGA;06:00AM / 03:00PM;7;ELVIS ANTONIO RAMOS ;75;CAMIONETA;15;JARABACOA;JUNUMUCU - ARENOSO;MOCHOTRAN ;Interurbano;N/A;18/7/2025
LA VEGA;06:00AM / 03:00PM;7;SICHOMA;150;CAMIONETA;16;JARABACOA;MANABAO;NO AFILIADO-S;Interurbano;N/A;18/7/2025
LA VEGA;06:00AM / 06:00PM;7;COOP. SERV. NIÑO GRULLON;100;CARROS;77;JIMA ABAJO;LA VEGA;MOCHOTRAN ;Interurbano;N/A;18/7/2025
LA VEGA;05:00AM / 08:15PM;7;ASOTRAEVESA - QUINTO PATIO;125;MICROBÚS;47;LA VEGA;SANTIAGO DE LOS CABALLEROS;CONATRA;Interurbano;N/A;18/7/2025
LA VEGA;05:45AM / 08:00PM;7;EXPRESO UCHOMVESA;125;MICROBÚS;32;LA VEGA;SANTIAGO DE LOS CABALLEROS;CONATRA;Interurbano;N/A;18/7/2025
LA VEGA;06:30AM / 06:30PM;7;SICHOMVESA;125;CARROS, MICROBUS;3;LA VEGA;SANTIAGO DE LOS CABALLEROS;CONATRA;Interurbano;N/A;18/7/2025
LA VEGA;05:00AM / 7:30PM;7;EXPRESO VEGANO C X A;300;AUTOBÚS;20;LA VEGA;SANTO DOMINGO;CONATRA;Interurbano;N/A;18/7/2025
LA VEGA;06:00AM / 06:00PM;7;SICHOUJA;150;MICROBÚS;52;LA VEGA;JARABACOA;CONATRA;Interurbano;N/A;18/7/2025
LA VEGA;06:30AM / 06:30PM;7;SICHOUVB;150;MICROBÚS;34;LA VEGA;BONAO;MOCHOTRAN ;Interurbano;N/A;18/7/2025
LA VEGA;06:00AM / 06:00PM;7;SINDICATO DE CHOFERES LA VEGA-LAPRESA;200;CARROS;8;LA VEGA;LA PRESA;NO AFILIADO-S;Interurbano;N/A;18/7/2025
LA VEGA;05:40AM / 04:40PM;7;JOSE C. LEONARDO JIMENEZ;100;MICROBÚS;4;LA VEGA;EL PINO;MOCHOTRAN ;Interurbano;N/A;18/7/2025
LA VEGA;06:00AM / 06:00PM;7;SICHOYAYA;75;MICROBÚS;18;LA VEGA;LAS YAYAS;MOCHOTRAN ;Interurbano;N/A;18/7/2025
LA VEGA;06:00AM / 06:00PM;7;SICHORIVELAVE;75;CARROS, MICROBUS;12;LA VEGA;RIO VERDE LA LIMA;MOCHOTRAN ;Interurbano;N/A;18/7/2025
LA VEGA;06:00AM / 06:00PM;7;SICHOPRO;100;MICROBÚS;10;LA VEGA;SABANA REY;MOCHOTRAN ;Interurbano;N/A;18/7/2025
LA VEGA;06:00AM / 06:00PM;7;UNION DE CHOFERES LA VEGA;100;CARROS;17;LA VEGA;LA TORRE;MOCHOTRAN ;Interurbano;N/A;18/7/2025
LA VEGA;06:00AM / 06:00PM;7;SINDICATO DE CHOFERES LA VEGA- MOCA (CONFORTANS);110;CAMIONETA;1;LA VEGA;MOCA;MOCHOTRAN ;Interurbano;N/A;18/7/2025
LA VEGA;06:00AM / 06:00PM;7;SINDICATO DE CHOFERES LA VEGA- MOCA (CONFORTANS);110;MICROBÚS;44;LA VEGA;MOCA;MOCHOTRAN ;Interurbano;N/A;18/7/2025
LA VEGA;06:00AM / 06:00PM;7;SICHOVEBA;60;MICROBÚS;14;LA VEGA;BARRANCA-BACUI;MOCHOTRAN ;Interurbano;N/A;18/7/2025
LA VEGA;06:00AM / 06:00PM;7;LMC (LA VEGA- RANCHITO);75;MICROBÚS;30;LA VEGA;RANCHITO;MOCHOTRAN ;Interurbano;N/A;18/7/2025
LA VEGA;06:00AM / 06:00PM;7;SIND. LA VEGA-LAS CABULLA;85;CAMIONETA;20;LA VEGA;LAS CABUYAS;MOCHOTRAN ;Interurbano;N/A;18/7/2025
LA VEGA;06:00AM / 06:00PM;7;SINDICATO DE CHOFERES SAN;150;CAMIONETA;21;LA VEGA;LA LLANADA;MOCHOTRAN ;Interurbano;N/A;18/7/2025
LA VEGA;06:00AM / 06:00PM;7;SINDICATO DE TRANPORTE HOYA GRANDE;75;CAMIONETA;16;LA VEGA;HOYA GRANDE;MOCHOTRAN ;Interurbano;N/A;18/7/2025
LA VEGA;06:00AM / 06:00PM;7;SINDICATO DE TRANPORTE HOYA GRANDE;75;MICROBÚS;0;LA VEGA;HOYA GRANDE;MOCHOTRAN ;Interurbano;N/A;18/7/2025
LA VEGA;06:30AM / 06:30PM;7;SIND. CHOF. LA VEGA-CAYET;100;CAMIONETA;20;LA VEGA;CAYETANO GERMOSÉN;MOCHOTRAN ;Interurbano;N/A;18/7/2025
LA VEGA;06:30AM / 06:30PM;7;ASOCIACION NACIONAL DE CHOFERES (ANCE);75;CAMIONETA;21;LA VEGA;MAGUEY;MOCHOTRAN ;Interurbano;N/A;18/7/2025
LA VEGA;06:30AM / 06:30PM;7;SINDICATO DE TRANPORTE HOYA GRANDE;75;CARROS;1;LA VEGA;HOYA GRANDE;MOCHOTRAN ;Interurbano;N/A;18/7/2025
LA VEGA;06:30AM / 06:30PM;7;SICHORIVELAVE;75;CAMIONETA;0;LA VEGA;RIO VERDE LA LIMA;MOCHOTRAN ;Interurbano;N/A;18/7/2025
LA VEGA;06:30AM / 06:30PM;7;SICHOVITA;150;MICROBÚS;12;LA VEGA ;VILLA TAPIA-SALCEDO;MOCHOTRAN ;Interurbano;N/A;18/7/2025
LA VEGA;06:30AM / 06:30PM;7;SICHOVITA;150;CAMIONETA;1;LA VEGA ;VILLA TAPIA-SALCEDO;MOCHOTRAN ;Interurbano;N/A;18/7/2025
LA VEGA;06:30AM / 06:30PM;7;IGNACIO DE JESUS ALMONTE;60;CARROS;1;SANTO CERRO;LA VEGA;MOCHOTRAN ;Interurbano;N/A;18/7/2025
LA VEGA;06:30AM / 06:30PM;7;FRANCISCO ERNESTO SANCHEZ;60;CARROS;1;SANTO CERRO;LA VEGA;MOCHOTRAN ;Interurbano;N/A;18/7/2025
MARIA TRINIDAD SANCHEZ;06:00AM;7;TRANSPORTE CESAR ALFREDO LOPEZ;500;MINIBÚS;1;CABRERA;SANTO DOMINGO;CONATRA-A;Interurbano;N/A;18/7/2025
MARIA TRINIDAD SANCHEZ;06:00AM;7;"BALTOLO VARGAS CENA
TRANSPORTE LINARES";500;AUTOBÚS;1;CABRERA ;SANTO DOMINGO;CONATRA;Interurbano;N/A;18/7/2025
MARIA TRINIDAD SANCHEZ;06:00AM;7;RAFAEL ANT.SOSA VILLA;500;AUTOBÚS;1;CABRERA ;SANTO DOMINGO;CONATRA;Interurbano;N/A;18/7/2025
MARIA TRINIDAD SANCHEZ;04:45AM / 06:00PM;7;ASOCHONASAN;350;MINIBÚS;10;NAGUA;SANTIAGO DE LOS CABALLEROS;CONATRA-A;Interurbano;N/A;18/7/2025
MARIA TRINIDAD SANCHEZ;04:40AM / 06:00PM;7;ASOCHOTRAPUNSA;200;MICROBÚS;51;NAGUA;SANCHEZ- SAMANA;CONATRA;Interurbano;N/A;18/7/2025
MARIA TRINIDAD SANCHEZ;04:40AM / 06:00PM;7;SICHOMINASAN (TRANSDONASADO S.R.L.);450;MINIBÚS;17;NAGUA;SANTO DOMINGO;CONATRA;Interurbano;N/A;18/7/2025
MARIA TRINIDAD SANCHEZ;07:00AM / 05:00PM;7;SICHOCAGEN;200;MICROBÚS;1;NAGUA;LA TOTUMA ;UNATRAFIN ;Interurbano;N/A;18/7/2025
MARIA TRINIDAD SANCHEZ;05:40AM / 06:00PM;7;"ASOCHONAFRAN
";200;MICROBÚS;4;NAGUA;SAN FRANCISCO DE MACORIS;CONATRA-A;Interurbano;N/A;18/7/2025
MARIA TRINIDAD SANCHEZ;06:00AM;7;SINDICATO DE CHOFERES NAGUA-BAOBA;150;CAMIONETA;3;NAGUA;BAOBA;CONATRA;Interurbano;N/A;18/7/2025
MARIA TRINIDAD SANCHEZ;06:00AM;7;ARCENIO REYNOSO VALDEZ;100;CAMIONETA;1;NAGUA;LA CEJAS;CONATRA;Interurbano;N/A;18/7/2025
MARIA TRINIDAD SANCHEZ;06:00AM;7;SICHONARIN;100;CAMIONETA;10;NAGUA;RINCON;CONATRA;Interurbano;N/A;18/7/2025
MARIA TRINIDAD SANCHEZ;06:00AM / 07:00PM;7;SICHOCANA;100;CAMIONETA;50;NAGUA;EL POZO;CONATRA;Interurbano;N/A;18/7/2025
MARIA TRINIDAD SANCHEZ;07:00AM;7;WILLIAN CONTRERAS;100;CAMIONETA;1;NAGUA; EL AGUACATE;NO AFILIADO-S;Interurbano;N/A;18/7/2025
MARIA TRINIDAD SANCHEZ;07:00AM;7;ELVIS ORLANDO GUZMAN MOREL;200;CAMIONETA;1;NAGUA;LA CAPILLA;NO AFILIADO-S;Interurbano;N/A;18/7/2025
MARIA TRINIDAD SANCHEZ;07:00AM;7;ASOCHONACOLGUA;150;CAMIONETA;13;NAGUA;LA COLMENA-EL GUAYABO;CONATRA;Interurbano;N/A;18/7/2025
MARIA TRINIDAD SANCHEZ;05:40AM / 06:00PM;7;"ASOCHONAFRAN
";200;CAMIONETA;65;NAGUA;SAN FRANCISCO DE MACORIS;CONATRA-A;Interurbano;N/A;18/7/2025
MARIA TRINIDAD SANCHEZ;06:00AM / 08:00PM;7;SICHOMNACAJUAN;200;MICROBÚS;53;NAGUA ; RIO SAN JUAN;CONATRA;Interurbano;N/A;18/7/2025
MARIA TRINIDAD SANCHEZ;07:00AM;7;PASTOR CALDERON TORIBIO;150;CAMIONETA;1;NAGUA ;EL PUJADOR;NO AFILIADO-S;Interurbano;N/A;18/7/2025
MARIA TRINIDAD SANCHEZ;07:00AM;7;SICHONAJA;200;CAMIONETA;11;NAGUA ;RINCON DE MOLINILLO Y YUNA;CONATRA;Interurbano;N/A;18/7/2025
MARIA TRINIDAD SANCHEZ;07:30AM / 05:30PM;7;SICHONARIS;250;CAMIONETA;16;NAGUA ;MONTELLANO;CONATRA;Interurbano;N/A;18/7/2025
MARIA TRINIDAD SANCHEZ;08:00AM / 06:00PM;7; ASOCADOCAPA;100;CAMIONETA;5;NAGUA ;EL PAPAYO;CONATRA;Interurbano;N/A;18/7/2025
MARIA TRINIDAD SANCHEZ;07:00AM / 05:00PM;7; SICHONASAN;150;CAMIONETA;10;NAGUA ; SANTA MARIA;CONATRA;Interurbano;N/A;18/7/2025
MARIA TRINIDAD SANCHEZ;07:00AM / 05:00PM;7; SICHOCAGEN ;200;CAMIONETA;11;NAGUA ; LOS GENGIBRES ;UNATRAFIN ;Interurbano;N/A;18/7/2025
MARIA TRINIDAD SANCHEZ;07:00AM / 05:00PM;7; SICHOCAGEN ;0;CAMIONETA;2;NAGUA ;" 
 
LA TOTUMA ";UNATRAFIN ;Interurbano;N/A;18/7/2025
MARIA TRINIDAD SANCHEZ;06:00AM;7;MANUEL BERTILIO LIRIANO;300;MICROBÚS;2;RIO SAN JUAN ;SANTIAGO DE LOS CABALLEROS;NO AFILIADO-S;Interurbano;N/A;18/7/2025
MARIA TRINIDAD SANCHEZ;06:00AM / 06:00PM;7;"PABLO BRITO TAVARES
JULIAN DE LA CRUZ";200;CAMIONETA;8;RIO SAN JUAN ;PALMARITO;CONATRA;Interurbano;N/A;18/7/2025
MARIA TRINIDAD SANCHEZ;06:00AM;7;JUAN VARGAS DECENA;500;MINIBÚS;2;RIO SAN JUAN - NAGUA;SANTO DOMINGO;CONATRA-A;Interurbano;N/A;18/7/2025
MARIA TRINIDAD SANCHEZ;04:40 Y 06:00PM;7;ASOCHOTRANASA;200;CAMIONETA;5;NAGUA;SANCHEZ;NO AFILIADO-S;Interurbano;N/A;18/7/2025
MARIA TRINIDAD SANCHEZ;06:00AM;7;AURELIO BENAVIDEZ TORRES;150;MICROBÚS;1;BAOBA DEL PINAL (NAGUA);SANTO DOMINGO;NO AFILIADO-S;Interurbano;N/A;18/7/2025
MARIA TRINIDAD SANCHEZ;07:00AM;7;SILVERIO CEPEDA;150;CAMIONETA;0;NAGUA;EL AGUACATE;NO AFILIADO-S;Interurbano;N/A;18/7/2025
MONSEÑOR NOUEL;07:00AM / 07:00PM;7;SINDICATO DE CHOFERES DE VILLA DE LAS HORTENCIAS;50;MICROBÚS, CARROS;19;BONAO;PIEDRA BLANCA-SAN JOSE DEL PUERTO;CONATRA;Interurbano;N/A;18/7/2025
MONSEÑOR NOUEL;07:00AM / 07:00PM;7;SINDICATO DE CHOFERES DE VILLA DE LAS HORTENCIAS;50;CARROS;23;BONAO;PIEDRA BLANCA-SAN JOSE DEL PUERTO;CONATRA;Interurbano;N/A;18/7/2025
MONSEÑOR NOUEL;05:00AM / 06:30PM;7;TAREA BUS SRL ;220;AUTOBÚS;25;BONAO;SANTO DOMINGO;CONATRA;Interurbano;N/A;18/7/2025
MONSEÑOR NOUEL;06:00AM / 06:00PM;7;ACHOMAPIBLABO ;100;MICROBÚS;24;BONAO ;MAIMON;CONATRA;Interurbano;N/A;18/7/2025
MONSEÑOR NOUEL;06:30AM / 06:00PM;7;SICHOMIBO ;75;MICROBÚS;8;BONAO ;EL VERDE ;CONATRA;Interurbano;N/A;18/7/2025
MONSEÑOR NOUEL;05:50AM / 07:00PM;7;TRANSBOSAN;200;MICROBÚS;18;BONAO ;SANTIAGO DE LOS CABALLEROS;CONATRA;Interurbano;N/A;18/7/2025
MONSEÑOR NOUEL;06:30AM / 06:00PM;7;ASOCHOBOSAP;75;MICROBÚS;8;BONAO-JAYACO;EL 103-EL LLANO ;CONATRA;Interurbano;N/A;18/7/2025
MONSEÑOR NOUEL;06:00AM / 08:00PM;7;ASOCIACION DE CHOFERES CRUCE DEL ABANICO- SANTO DOMINGO;175;MICROBÚS;25;CRUCE DEL ABANICO DE BONAO;SANTO DOMINGO;CNTU;Interurbano;N/A;18/7/2025
MONSEÑOR NOUEL;06:00AM 06:30PM;7;TRANSPORTE NELSON FRIAS Y ASOCIADOS SRL;40;MICROBÚS;10;LOS QUEMADOS;SAN ISIDRO LABRADOR;CONATRA;Interurbano;N/A;18/7/2025
MONSEÑOR NOUEL;06:00AM 06:30PM;7;TRANSPORTE NELSON FRIAS Y ASOCIADOS SRL;50;MICROBÚS;15;MASIPEDRO;BEJUCAL - LOS QUEMADOS;CONATRA;Interurbano;N/A;18/7/2025
MONSEÑOR NOUEL;06:00AM 06:00PM;7;SICHOPIBLAS ;150;CARROS Y MICROBUS;20;PIEDRA BLANCA;COTUI;CONATRA;Interurbano;N/A;18/7/2025
MONSEÑOR NOUEL;06:00AM 06:00PM;7;SICHOPIBLAS ;150;MICROBÚS;2;PIEDRA BLANCA;COTUI;CONATRA;Interurbano;N/A;18/7/2025
MONSEÑOR NOUEL;05:00AM / 06:30PM;7;SICHOJA ;200;CAMIONETA;12;PIEDRA BLANCA - JUAN ADRIAN;RANCHO ARRIBA;UNATRAFIN ;Interurbano;N/A;18/7/2025
MONSEÑOR NOUEL;05:00AM / 06:30PM;7;SICHOJA ;200;MICROBÚS;2;RANCHO ARRIBA;SANTO DOMINGO;UNATRAFIN ;Interurbano;N/A;18/7/2025
MONSEÑOR NOUEL;05:00AM / 06:30PM;7;ASOCHOBOSAP;75;MICROBÚS;27;SABANA DEL PUERTO;BONAO;CONATRA;Interurbano;N/A;18/7/2025
MONTE PLATA;05:00AM / 06:00PM;7;SICHOSACBA ;150;MINIBÚS;44;BAYAGUANA ;SANTO DOMINGO;FENATRANO;Interurbano;N/A;18/7/2025
MONTE PLATA;05:00AM / 06:00AM;7;BERNALDO BELTRAN;100;MINIBÚS;0;CHIRINO;SANTO DOMINGO;NO AFILIADO-S;Interurbano;N/A;18/7/2025
MONTE PLATA;06:00AM / 06:00PM;7;IGNACIO DE JESUS;100;MICROBÚS;4;CHIRINO;MONTE PLATA;FENATRANO;Interurbano;N/A;18/7/2025
MONTE PLATA;06:00AM / 06:00PM;7;SICHOMIYADON;100;MICROBÚS;2;DON JUAN;YAMASA;FENATRANO;Interurbano;N/A;18/7/2025
MONTE PLATA;05:00AM / 06:00PM;7;ASOCHODONJU;150;MICROBÚS Y MINIBUS;26;DON JUAN ;SANTO DOMINGO;FENATRANO;Interurbano;N/A;18/7/2025
MONTE PLATA;06:00AM / 06:00PM;7;SITRACHVI (SITRACUB);100;CAMIONETA Y MICROBUS;14;EL CHACARO (HATO VIEJO);ENTRADA LOS ALCARRIZOS;CONATRA;Interurbano;N/A;18/7/2025
MONTE PLATA;06:00AM / 06:00PM;7;MANUEL OZUNA REYES ;75;MICROBÚS;1;EL DEAN ;MONTE PLATA;FENATRANO;Interurbano;N/A;18/7/2025
MONTE PLATA;05:00AM / 06:00PM;7;ASOTRAPACAVENDO ;125;MICROBÚS;3;"EL RANCHITO
 (HATO VIEJO)";SANTO DOMINGO;CONATRA;Interurbano;N/A;18/7/2025
MONTE PLATA;05:00AM / 06:00PM;7;ASOTRAPACAVENDO ;125;CAMIONETA;7;"EL RANCHITO
 (HATO VIEJO)";SANTO DOMINGO;CONATRA;Interurbano;N/A;18/7/2025
MONTE PLATA;05:00AM / 06:00PM;7;ASOCHOPVEDOC;200;CAMIONETA;84;LA GINA- LA GUAZUMA ;SANTO DOMINGO;FENATRANO;Interurbano;N/A;18/7/2025
MONTE PLATA;06:00AM / 06:PM;7;" DAVID AYBAR FELIZ
 RAFAEL PAULA";90;MICROBÚS;2;LOS GUINEOS;SABANA GRANDE DE BOYA;NO AFILIADO-S;Interurbano;N/A;18/7/2025
MONTE PLATA;06:00AM / 06:PM;7;" DAVID AYBAR FELIZ
 RAFAEL PAULA";90;CAMIONETA;2;LOS GUINEOS;SABANA GRANDE DE BOYA;NO AFILIADO-S;Interurbano;N/A;18/7/2025
MONTE PLATA;06:00AM / 06:PM;7;SICHOHI ;100;MICROBÚS;6;LOS HIDALGOS;BAYAGUANA;FENATRANO;Interurbano;N/A;18/7/2025
MONTE PLATA;06:00AM / 06:PM;7;SICHOHI ;100;CAMIONETA;18;LOS HIDALGOS;BAYAGUANA;FENATRANO;Interurbano;N/A;18/7/2025
MONTE PLATA;06:30AM / 12:30PM;7;PHILLIA TOURS SRL;400;MINIBÚS;1;MAJAGUAL;SANTIAGO DE LOS CABALLEROS;FENATRANO;Interurbano;N/A;18/7/2025
MONTE PLATA;06:00AM / 07:00PM;7;TRANSPORTE MAJAGUAL SANTO DOMINGO (TMSD), SRL;400;MICROBÚS;2;MAJAGUAL;SANTO DOMINGO;NO AFILIADO-S;Interurbano;N/A;18/7/2025
MONTE PLATA;06:00AM / 06:PM;7;SICHOMIMOPLA;150;MINIBÚS;30;MONTE PLATA;SANTO DOMINGO;CONATRA;Interurbano;N/A;18/7/2025
MONTE PLATA;06:00AM / 06:PM;7;ARMANDO DE LA CRUZ ;75;MICROBÚS;9;MONTE PLATA;DON JUAN;FENATRANO;Interurbano;N/A;18/7/2025
MONTE PLATA;06:00AM / 06:PM;7;ASOCHOASM;75;MICROBÚS;15;MONTE PLATA;SABANA GRANDE DE BOYA;FENATRANO;Interurbano;N/A;18/7/2025
MONTE PLATA;06:00AM / 06:PM;7;SICHOCAMONPLA;100;MICROBÚS;20;MONTE PLATA;BAYAGUANA;FENATRANO;Interurbano;N/A;18/7/2025
MONTE PLATA;06:00AM / 06:PM;7;ASOCHOASM;75;MINIBÚS;0;MONTE PLATA;SABANA GRANDE DE BOYA;FENATRANO;Interurbano;N/A;18/7/2025
MONTE PLATA;06:00AM / 06:PM;7;ASOCHOASM;75;CAMIONETA;7;MONTE PLATA;SABANA GRANDE DE BOYA;FENATRANO;Interurbano;N/A;18/7/2025
MONTE PLATA;06:00AM / 06:PM;7;ARMANDO DE LA CRUZ ;75;CAMIONETA;2;MONTE PLATA;DON JUAN;FENATRANO;Interurbano;N/A;18/7/2025
MONTE PLATA;07:00AM / 02:00PM;7;LEONILDO JESUS VARGAS BATISTA;150;MINIBÚS;1;MONTE PLATA (PERALVILLO);BONAO;NO AFILIADO-S;Interurbano;N/A;18/7/2025
MONTE PLATA;05:00AM / 06:00PM;7;"FRANCISCO CORDERO 
";350;MICROBÚS;1;RICON CLARO BATEY;SANTO DOMINGO;NO AFILIADO-S;Interurbano;N/A;18/7/2025
MONTE PLATA;06:00AM / 06:PM;7;INOCENCIO GUZMAN ;200;CAMIONETA;1;RINCON CLARO ;COTUI ;NO AFILIADO-S;Interurbano;N/A;18/7/2025
MONTE PLATA;06:00AM / 06:PM;7;DEMETRIO ANONIO CONTRERAS JAVIER;150;CAMIONETA;4;SABANA DE LOS JAVIELES;MONTE PLATA;NO AFILIADO-S;Interurbano;N/A;18/7/2025
MONTE PLATA;05:00AM / 06:00PM;7;ASOCHODUASAB;200;MINIBÚS;33;SABANA GRANDE DE BOYA;SANTO DOMINGO;CONATRA;Interurbano;N/A;18/7/2025
MONTE PLATA;09:3000AM / 01:00PM;7;MIGUEL PEÑALO DEL POSO;140;MINIBÚS;1;SABANA GRANDE DE BOYA;COTUI;NO AFILIADO-S;Interurbano;N/A;18/7/2025
MONTE PLATA;06:00AM / 06:PM;7;RAFAEL JACINTO CORPORAN;50;CAMIONETA;6;SABANA GRANDE DE BOYA;LOS LIMONES ;FENATRANO;Interurbano;N/A;18/7/2025
MONTE PLATA;09:30AM / 05:00PM;7;ARCADIO MARCELINO VERAS ;75;CAMIONETA;10;SABANA GRANDE DE BOYA;MAJAGUAL;FENATRANO;Interurbano;N/A;18/7/2025
MONTE PLATA;05:00AM / 06:00PM;7;"ANTOLIN CAPELLAN 
";150;CAMIONETA;1;SABANA GRANDE DE BOYA;RINCON CLARO- BATEY;FENATRANO;Interurbano;N/A;18/7/2025
MONTE PLATA;05:00AM / 06:00PM;7;EDIS LEGUISAMON RODRIGUEZ ;100;MICROBÚS;1;SIERRA DE AGUA;BAYAGUANA;FENATRANO;Interurbano;N/A;18/7/2025
MONTE PLATA;05:00AM / 06:00PM;7;EDIS LEGUISAMON RODRIGUEZ ;100;CAMIONETA;11;SIERRA DE AGUA;BAYAGUANA;FENATRANO;Interurbano;N/A;18/7/2025
MONTE PLATA;05:00AM / 06:00PM;7;ASOTRAYASA;100;MINIBÚS;38;YAMASA;SANTO DOMINGO;CONATRA;Interurbano;N/A;18/7/2025
MONTECRISTI;06:00AM / 06:00PM;7;ASOCHOMODA;100;MICROBÚS Y MINIBUS;13; DAJABON ; MONTE CRISTI;"CONATRA
(FERUTRACON)";Interurbano;N/A;18/7/2025
MONTECRISTI;09:00AM / 04:00PM;7;EFRAIN GERALDO ACOSTA E.;100;CARROS;2;CASTAÑUELAS; MONTE CRISTI;"CONATRA
(FERUTRACON)";Interurbano;N/A;18/7/2025
MONTECRISTI;04:00AM;7;JOSE QUILVIO CASTRO ROSARIO;450;MICROBÚS;1;GUAYUBIN;SANTO DOMINGO;"CONATRA
(FERUTRACON)";Interurbano;N/A;18/7/2025
MONTECRISTI;06:00AM 06:00PM;7;ASOCHOMOVIVA;60;CARROS Y MICROBUS;5;MONTE CRISTI; VILLA VASQUEZ;"CONATRA
(FERUTRACON)";Interurbano;N/A;18/7/2025
MONTECRISTI;05:00AM;7; JUAN MARIA LAMI ;450;MICROBÚS;1;MONTE CRISTI;SANTO DOMINGO;"CONATRA
(FERUTRACON)";Interurbano;N/A;18/7/2025
MONTECRISTI;09:00AM / 04:00PM;7;CARLOS TEOFILO MOLINA RIVAS;100;MINIBÚS;1;PALO VERDE; MONTE CRISTI;"CONATRA
(FERUTRACON)";Interurbano;N/A;18/7/2025
MONTECRISTI;06:00AM / 06:00PM;7;"TATICO FAMILIA GOMERA
JUAN BAUTISTA MORETA DE LOS SANTOS";100;CAMIONETA;0;RECTA DE SANITA (MONTE CRISTI);DAJABON;"CONATRA
(FERUTRACON)";Interurbano;N/A;18/7/2025
MONTECRISTI;06:00AM 06:00PM;7;SICHODUVAHOCICOBE;100;MICROBÚS Y CARROS;5;VILLA VASQUEZ- BUEN HOMBRE;MONTE CRISTI;"CONATRA
(FERUTRACON)";Interurbano;N/A;18/7/2025
MONTECRISTI;06:00AM 06:00PM;7;SICHODUVAHOCICOBE;100;CAMIONETA;11;VILLA VASQUEZ- BUEN HOMBRE ;MONTE CRISTI;"CONATRA
(FERUTRACON)";Interurbano;N/A;18/7/2025
MONTECRISTI;06:00AM;7;SICHODUSAVAMODA (EXPRESO LINIERO);300;MINIBÚS;1;MANZANILLO;SANTIAGO DE LOS CABALLEROS;"CONATRA
(FERUTRACON)";Interurbano;N/A;18/7/2025
MONTECRISTI;09:00AM / 04:00PM;7;SICHODUSAVAMODA (EXPRESO LINIERO);100;MINIBÚS;1; PALO VERDE ;SANTIAGO DE LOS CABALLEROS;"CONATRA
(FERUTRACON)";Interurbano;N/A;18/7/2025
MONTECRISTI;06:00AM;7;BENIGNO PEREZ VASQUEZ;250;CARROS;1;CASTAÑUELAS;SANTIAGO DE LOS CABALLEROS;"CONATRA
(FERUTRACON)";Interurbano;N/A;18/7/2025
PEDERNALES;04:00am / 02:00pm;7;ASOTRAMO;600;MINIBÚS, AUTOBUS;1;OVIEDO;SANTO DOMINGO;CONATRA-A;Interurbano;N/A;18/7/2025
PEDERNALES;06:30AM / 02:00PM;7;ASOTRAMO;300;MICROBÚS;4;OVIEDO;SANTA CRUZ DE BARAHONA;CONATRA-A;Interurbano;N/A;18/7/2025
PEDERNALES;04:00AM / 04:00PM;7;ASODUMIPE SRL;700;MINIBÚS;15;PEDERNALES;SANTO DOMINGO;CONATRA;Interurbano;N/A;18/7/2025
PEDERNALES;06:00AM / 06:00PM;7;TRASNPORTE DE PASAJEROS Y CARGAS BAHIA DE LAS AGUILAS DE PEDERNALES.;200;MINIBÚS;1;PEDERNALES;LA CUEVA - CABO ROJO;CONATRA;Interurbano;N/A;18/7/2025
PEDERNALES;06:00AM / 06:00PM;7;ASODUMIPE SRL;350;MICROBÚS;10;PEDERNALES ;SANTA CRUZ DE BARAHONA;CONATRA;Interurbano;N/A;18/7/2025
PUERTO PLATA;07:00AM / 10:00PM;7;SICHOMAL;100;CARROS, MICROBUS;41;CASTILLO - CRUCE DE IMBERT;PUERTO PLATA ;CONATRA;Interurbano;N/A;18/7/2025
PUERTO PLATA;07:00AM / 10:00PM;7;SICHOMAL;100;CAMIONETA;2;LAS LANDRAS ;EL ESTRECHO;CONATRA;Interurbano;N/A;18/7/2025
PUERTO PLATA;06:30AM / 06:00PM;7;ASOCHOLVREPP;125;CARROS;2;CRUCE LOS MIESES; EL ESTRECHO;CONATRA;Interurbano;N/A;18/7/2025
PUERTO PLATA;06:30AM / 02:00AM;7;JUAN FRANCISCO HERRERA ;300;MICROBÚS;1;EL MAMEY (LOS HIDALGOS);SANTO DOMINGO;CONATRA;Interurbano;N/A;18/7/2025
PUERTO PLATA;06:30AM / 02:00AM;7;FÉLIX RAMÓN BIDÓ PERDOMO;350;MICROBÚS;1;ESTERO HONDO;SANTIAGO DE LOS CABALLEROS;CONATRA;Interurbano;N/A;18/7/2025
PUERTO PLATA;06:30AM / 02:00AM;7;JUAN ANTONIO PAULINO;350;MICROBÚS;1;ESTERO HONDO ;SANTO DOMINGO;CONATRA;Interurbano;N/A;18/7/2025
PUERTO PLATA;06:30AM / 02:00AM;7;SICHOGUAIMPPA;150;CARROS;24;GUANANICO; PUERTO PLATA ;CONATRA;Interurbano;N/A;18/7/2025
PUERTO PLATA;04:00AM / 07:00PM;7;Compañía de Transporte  UTRAVISA, SRL;300;MICROBÚS;31;LA ISABELA ;SANTIAGO DE LOS CABALLEROS;CONATRA-A;Interurbano;N/A;2/10/2025
PUERTO PLATA;06:00AM / 07:00PM;7;FRANCISCO LA HOZ ENRÍQUEZ;300;MICROBÚS;33;VILLA  ISABELA ;SANTO DOMINGO;CONATRA;Interurbano;N/A;18/7/2025
PUERTO PLATA;06:00AM / 07:00PM;7;JHONIS DAVID VARONA REYNOSO;600;MICROBÚS;1;LA ISABELA ;SANTO DOMINGO;CONATRA;Interurbano;N/A;18/7/2025
PUERTO PLATA;06:00AM / 07:00PM;7;JUAN FRANCISCO DE LA HOZ HENRÍQUEZ;600;MICROBÚS;1;LA ISABELA ;SANTO DOMINGO;CONATRA;Interurbano;N/A;18/7/2025
PUERTO PLATA;06:00AM / 07:00PM;7;JUAN LUIS SÁNCHEZ VILLAMÁN ;600;MINIBÚS;1;LA ISABELA ;SANTO DOMINGO;CONATRA;Interurbano;N/A;18/7/2025
PUERTO PLATA;06:00AM / 07:00PM;7;SICHOCAPUP;300;CARROS;17;LA ISABELA ;PUERTO PLATA ;CONATRA;Interurbano;N/A;18/7/2025
PUERTO PLATA;06:00AM / 07:00PM;7;SICHOCAPUP;300;CAMIONETA;4;LA ISABELA ;PUERTO PLATA ;CONATRA;Interurbano;N/A;18/7/2025
PUERTO PLATA;06:00AM / 07:00PM;7;SICHOCAPUP;300;MICROBÚS;3;LA ISABELA ;PUERTO PLATA ;CONATRA;Interurbano;N/A;18/7/2025
PUERTO PLATA;06:00AM / 02:00PM;7;SANTOS ÁLVAREZ SÁNCHEZ;350;MICROBÚS;1;LA JAIBA;SANTIAGO DE LOS CABALLEROS;CONATRA;Interurbano;N/A;18/7/2025
PUERTO PLATA;06:00AM / 02:00PM;7;NELVIN ÁLVAREZ CORDERO;350;MICROBÚS;0;LA JAIBA;SANTIAGO DE LOS CABALLEROS;NO AFILIADO-S;Interurbano;N/A;18/7/2025
PUERTO PLATA;06:00AM / 02:00PM;7;"LEONARDO GONNEL QUIÑONES
MANUEL E. FELIPE MEDINA";350;MICROBÚS;1;LA JAIBA - ESTERO HONDO;SANTIAGO DE LOS CABALLEROS;CONATRA;Interurbano;N/A;18/7/2025
PUERTO PLATA;06:00AM / 02:00PM;7;"LEONARDO GONNEL QUIÑONES
MANUEL E. FELIPE MEDINA";350;MINIBÚS;1;LA JAIBA - ESTERO HONDO;SANTIAGO DE LOS CABALLEROS;CONATRA;Interurbano;N/A;18/7/2025
PUERTO PLATA;06:00AM / 02:00PM;7;HUMBERTO ARÍSTIDES PERALTA JIMÉNEZ;350;MICROBÚS;1;LA JAIBA - ESTERO HONDO;SANTIAGO DE LOS CABALLEROS;CONATRA;Interurbano;N/A;18/7/2025
PUERTO PLATA;06:00AM / 02:00PM;7;"JERSON GÓMEZ SANCHEZ
 JUAN GABRIEL PAULINO REYES ";350;CAMIONETA;1;LA JAIBA -GUALETE;SANTIAGO DE LOS CABALLEROS;NO AFILIADO-S;Interurbano;N/A;18/7/2025
PUERTO PLATA;06:00AM / 02:00PM;7;"JERSON GÓMEZ SANCHEZ
 JUAN GABRIEL PAULINO REYES ";350;MICROBÚS;0;LA JAIBA -GUALETE;SANTIAGO DE LOS CABALLEROS;NO AFILIADO-S;Interurbano;N/A;18/7/2025
PUERTO PLATA;05:00AM / 07:00PM;7;ASOCHOIUMAPPTA;50;CARROS;38;MAIMÓN; PUERTO PLATA ;CONATRA;Interurbano;N/A;18/7/2025
PUERTO PLATA;05:00AM / 07:00PM;7;ASOCHOIUMAPPTA;50;MICROBÚS;2;MAIMÓN; PUERTO PLATA ;CONATRA;Interurbano;N/A;18/7/2025
PUERTO PLATA;05:00AM / 05:00PM;7;SICHOCALUPPSA;120;CARROS;2;PUERTO PLATA;YÁSICA-SANTIAGO DE LOS CABALLEROS ;MOCHOTRAN ;Interurbano;N/A;18/7/2025
PUERTO PLATA;05:00AM / 05:00PM;7;SICHOCALUPPSA;120;MICROBÚS;33;PUERTO PLATA;YÁSICA-SANTIAGO DE LOS CABALLEROS ;MOCHOTRAN ;Interurbano;N/A;18/7/2025
PUERTO PLATA;05:00AM / 05:00PM;7;SICHOCALUPPSA;120;CAMIONETA;12;PUERTO PLATA;YÁSICA-SANTIAGO DE LOS CABALLEROS ;MOCHOTRAN ;Interurbano;N/A;18/7/2025
PUERTO PLATA;05:00AM / 08:00PM;7;TRANSPORTE DEL ATLANTICO TRANSDELATLA, S.R.L./JAVILLA TOURS, S.R.L.;250;MINIBÚS;69;PUERTO PLATA;SANTIAGO DE LOS CABALLEROS;CONATRA-A;Interurbano;N/A;18/7/2025
PUERTO PLATA;05:00AM / 08:00PM;7;SICHOMIPURSAN;250;MICROBÚS, MINIBUS;72;PUERTO PLATA; RIO SAN JUAN ;CONATRA;Interurbano;N/A;18/7/2025
PUERTO PLATA;05:30AM/ 03:00PM;7;JUAN RIVERO GARCÍA ;450;MICROBÚS,CARROS;1;PUERTO PLATA ; SAMANA ;CONATRA;Interurbano;N/A;18/7/2025
PUERTO PLATA;05:30AM/ 03:00PM;7;JUAN RIVERO GARCÍA ;450;AUTOBÚS;0;PUERTO PLATA ; SAMANA ;CONATRA;Interurbano;N/A;18/7/2025
PUERTO PLATA;05:30AM/ 03:00PM;7;RUFINO SALVADOR ;450;MINIBÚS;1;PUERTO PLATA ; SAMANA ;CONATRA;Interurbano;N/A;18/7/2025
PUERTO PLATA;06:00AM / 07:PM;7;SINCCHOCAIPUP;100;CARROS;36;PUERTO PLATA ;IMBERT;CONATRA;Interurbano;N/A;18/7/2025
PUERTO PLATA;06:00AM / 07:PM;7;ASOCHOCAPOS;100;CARROS;44;PUERTO PLATA ;SOSUA (NOCTURNO) ;CONATRA;Interurbano;N/A;18/7/2025
PUERTO PLATA;06:00AM / 07:PM;7;ASOCHOCAPOS;100;CARROS;120;PUERTO PLATA ;SOSUA (DIURNA);CONATRA;Interurbano;N/A;18/7/2025
PUERTO PLATA;05:30AM / 06:00PM;7;ASOCHONOPPISA;100;CARROS, MICROBUS;25;PUERTO PLATA ; QUEBRADA HONDA;CONATRA;Interurbano;N/A;18/7/2025
PUERTO PLATA;05:30AM / 02:00PM;7;ASOCHONOPPISA;100;MICROBÚS;6;PUERTO PLATA ; QUEBRADA HONDA-SANTIAGO DE LOS CABALLEROS ;CONATRA;Interurbano;N/A;18/7/2025
PUERTO PLATA;05:30AM / 02:00PM;7;ASOCHOTRAPUEHO;150;CARROS;3;PUNTA RUSIA ;VILLA ISABELA ;CONATRA;Interurbano;N/A;18/7/2025
PUERTO PLATA;05:30AM / 02:00PM;7;ASOCHOTRAPUEHO;150;MICROBÚS;9;PUNTA RUSIA ;VILLA ISABELA ;CONATRA;Interurbano;N/A;18/7/2025
PUERTO PLATA;07:00AM / 05:00PM;7;ENTRASERPUPGUCA SRL;100;CAMIONETA;6;LA SABANA-CAMBIAZO;PUERTO PLATA;CONATRA;Interurbano;N/A;18/7/2025
PUERTO PLATA;06:00AM / 05:PM;7;ASOCHOTRANO;125;CARROS;45;SOSUA;RIO SAN JUAN;CONATRA;Interurbano;N/A;18/7/2025
PUERTO PLATA;05:30AM / 06:00PM;7;SINCHOCARIOJUSO;165;CARROS;105;SOSUA;RIO SAN JUAN;CONATRA-A;Interurbano;N/A;18/7/2025
SAMANA;06:00AM;7;EVARISTO AMPARO GARCIA;500;MICROBÚS;1;EL LIMON ;SANTIAGO DE LOS CABALLEROS;FENATRANO;Interurbano;N/A;18/7/2025
SAMANA;06:00AM / 12:00PM;7;RIGOBERTO DE LOS SANTOS REDMAN;500;MICROBÚS;1;EL LIMON ;SANTIAGO DE LOS CABALLEROS;FENATRANO;Interurbano;N/A;18/7/2025
SAMANA;06:00AM / 12:00PM;7;RIGOBERTO DE LOS SANTOS REDMAN;500;MINIBÚS;0;EL LIMON ;SANTIAGO DE LOS CABALLEROS;FENATRANO;Interurbano;N/A;18/7/2025
SAMANA;04:00AM / 04:00PM;7;JOSE AQUILES RUBIO NOESI;500;MINIBÚS;1;EL LIMON ;SANTIAGO DE LOS CABALLEROS;FENATRANO;Interurbano;N/A;18/7/2025
SAMANA;06:00AM;7;ASOTRAPUSA;125;MICROBÚS;11;EL LIMON ;SAMANA;FENATRANO;Interurbano;N/A;18/7/2025
SAMANA;06:30AM / 06:00PM;7;ANDRES JAVIER FERNANDEZ;100;MICROBÚS;1;EL LIMON ;LAS TERRENAS;MOCHOTRAN ;Interurbano;N/A;18/7/2025
SAMANA;06:30AM / 06:00PM;7;LEOCADIO MORRILLO;100;MICROBÚS;1;EL LIMON ;LAS TERRENAS;MOCHOTRAN ;Interurbano;N/A;18/7/2025
SAMANA;06:30AM / 06:00PM;7;UNICHOTRAN;100;MICROBÚS;7;EL LIMON ;LAS TERRENAS;MOCHOTRAN ;Interurbano;N/A;18/7/2025
SAMANA;08:00AM Y 11:00AM Y 02:00PM;7;RAUL GERONIMO;500;MINIBÚS;1;EL LIMON ;PUERTO PLATA;FENATRANO;Interurbano;N/A;18/7/2025
SAMANA;06:30AM / 06:00PM;7;UNICHOTRAN;100;CAMIONETA;18;EL LIMON ;LAS TERRENAS;MOCHOTRAN ;Interurbano;N/A;18/7/2025
SAMANA;06:30AM / 06:00PM;7;ASOCHOTRAPLINSA;125;CAMIONETA;13;EL LIMON ;SAMANA;FENATRANO;Interurbano;N/A;18/7/2025
SAMANA;06:00AM / 12:30PM;7;GABRIEL MAURICIO DRULLARD;500;MINIBÚS;1;LAS GALERAS;SANTIAGO DE LOS CABALLEROS;FENATRANO;Interurbano;N/A;18/7/2025
SAMANA;06:00AM Y 01:00PM;7;SERVICIOS DE TRANSPORTE MULTIPLESS SANTA BARBARA SAMANA,S.A.S (SETRAMUSA);500;MINIBÚS;2;LAS GALERAS;SANTO DOMINGO;FENATRANO-A;Interurbano;N/A;18/7/2025
SAMANA;06:00AM / 036:00PM;7;ASOTRAPUSA;300;MICROBÚS;4;LAS GALERAS;SAMANA-NAGUA;FENATRANO-A;Interurbano;N/A;18/7/2025
SAMANA;06:00AM / 12:0030;7;ALFRIDO DE LOS SANTOS COATS;450;MICROBUS;0;LAS TERRENAS;SANTIAGO DE LOS CABALLEROS;FENATRANO;Interurbano;N/A;18/7/2025
SAMANA;08:00AM Y 11:00AM Y 02:00PM;7;PABLO ALCIBIADES DE LEON ABREU;500;MINIBÚS;1;LAS TERRENAS;PUERTO PLATA;CONATRA;Interurbano;N/A;18/7/2025
SAMANA;06:00AM;7;PABLO ALCIBIADES DE LEON ABREU;500;MICROBÚS;3;LAS TERRENAS;NAGUA;FENATRANO;Interurbano;N/A;18/7/2025
SAMANA;07:00AM / 06:00PM;7;UCHOTESA;200;MICROBÚS;17;LAS TERRENAS;SANCHEZ;FENATRANO;Interurbano;N/A;18/7/2025
SAMANA;07:00AM / 06:00PM;7;UCHOTESA;200;CAMIONETA;7;LAS TERRENAS;SANCHEZ;CONATRA;Interurbano;N/A;18/7/2025
SAMANA;04:00AM / 04:00PM;7;PAULINO LINO CASTILLO;400;MICROBÚS;1;SAMANA;SANTIAGO DE LOS CABALLEROS;FENATRANO;Interurbano;N/A;18/7/2025
SAMANA;04:00AM / 04:00PM;7;PAULINO LINO CASTILLO;400;MINIBÚS;0;SAMANA;SANTIAGO DE LOS CABALLEROS;FENATRANO;Interurbano;N/A;18/7/2025
SAMANA;04:00AM / 04:00PM;7;SANTIAGO MALDONADO CALCAÑA;400;MICROBUS;0;SAMANA;SANTIAGO DE LOS CABALLEROS;FENATRANO;Interurbano;N/A;18/7/2025
SAMANA;04:00AM / 04:00PM;7;PORFIRIO DE LOS SANTOS;400;MINIBÚS;1;SAMANA;SANTIAGO DE LOS CABALLEROS;FENATRANO;Interurbano;N/A;18/7/2025
SAMANA;04:00AM / 04:00PM;7;VICENTE ESPINO GARCIA;400;MINIBÚS;1;SAMANA;SANTIAGO DE LOS CABALLEROS;FENATRANO;Interurbano;N/A;18/7/2025
SAMANA;04:00AM / 04:00PM;7;EULICES ANTONIO DE LOS SANTOS MALDONADO;400;MINIBÚS;1;SAMANA;SANTIAGO DE LOS CABALLEROS;FENATRANO;Interurbano;N/A;18/7/2025
SAMANA;05:00AM / 04:00PM;7;CONFESORA GARCIA DE LA VEGA;400;MINIBÚS;1;SAMANA;SANTIAGO DE LOS CABALLEROS;FENATRANO;Interurbano;N/A;18/7/2025
SAMANA;04:00AM / 05:00PM;7;SERVICIOS DE TRANSPORTE MULTIPLESS SANTA BARBARA SAMANA,S.A.S (SETRAMUSA);400;MINIBÚS;15;SAMANA;SANTO DOMINGO (AUTOVIA DEL NORDESTE);FENATRANO-A;Interurbano;N/A;18/7/2025
SAMANA;04:00AM / 05:00PM;7;SERVICIOS DE TRANSPORTE MULTIPLESS SANTA BARBARA SAMANA,S.A.S (SETRAMUSA);400;AUTOBÚS;0;SAMANA;SANTO DOMINGO (AUTOVIA DEL NORDESTE);FENATRANO-A;Interurbano;N/A;18/7/2025
SAMANA;04:00AM / 05:00PM;7;SERVICIOS DE TRANSPORTE MULTIPLESS SANTA BARBARA SAMANA,S.A.S (SETRAMUSA);400;MINIBÚS;1;SAMANA;SANTO DOMINGO (AUT. DUARTE);FENATRANO-A;Interurbano;N/A;18/7/2025
SAMANA;06:00AM / 06:00PM;7;SITRATUPGASA;150;MICROBÚS;24;SAMANA; LAS GALERAS;FENATRANO;Interurbano;N/A;18/7/2025
SAMANA;06:00AM / 06:30PM;7;SICHORISA;200;MICROBÚS;1;SAMANA;EL RINCON;FENATRANO;Interurbano;N/A;18/7/2025
SAMANA;06:00AM;7;VENANCIO EUSTAQUIO ACOSTA ;400;CAMIONETA;1;SAMANA;DISTRITO NACIONAL;FENATRANO;Interurbano;N/A;18/7/2025
SAMANA;06:00AM;7;JUAN FRANCISCO MORILLO;350;CAMIONETA;1;SAMANA;YUNA;CONATRA;Interurbano;N/A;18/7/2025
SAMANA;06:00AM;7;ROMULO CALCAÑO;200;CAMIONETA;1;SAMANA;NAGUA;FENATRANO;Interurbano;N/A;18/7/2025
SAMANA;06:00AM / 06:00PM;7;ASOCIACION DE TRANSPORTE EL VALLE;100;CAMIONETA;4;SAMANA;EL VALLE;MOCHOTRAN ;Interurbano;N/A;18/7/2025
SAMANA;06:00AM / 06:00PM;7;"SITRAPTUGASA
";150;CAMIONETA;17;SAMANA;LAS GALERAS;FENATRANO;Interurbano;N/A;18/7/2025
SAMANA;07:00AM / 10:00PM;7;MANUEL EMILIO MIGUEL KELLY;75;CAMIONETA;4;SAMANA;MONTE ROJO;FENATRANO;Interurbano;N/A;18/7/2025
SAMANA;06:00AM / 06:30PM;7;SICHORISA;200;CAMIONETA;19;SAMANA;EL RINCON;FENATRANO;Interurbano;N/A;18/7/2025
SAMANA;06:30AM / 05:30PM;7;UNACHOSIN-FILIAL ;200;MICROBÚS;55;SAMANA - SANCHEZ;NAGUA;CONATRA;Interurbano;N/A;18/7/2025
SAN JUAN ;04:00am / 02:00pm;7;ABAPROD;600;MINIBÚS;4;BATISTA ;SANTO DOMINGO;UNATRAFIN ;Interurbano;N/A;18/7/2025
SAN JUAN ;06:30AM / 05:00PM;7;ASOCIACION DE TRANSPORTISTA BOHECHIO SAN JUAN;150;CARROS Y MICROBUS;1;BOHECHIO;SAN JUIAN DE LA MAGUANA;FENATRANO;Interurbano;N/A;18/7/2025
SAN JUAN ;06:00AM / 02:00PM;7;BLADY MIGUEL SUSAÑES DE LEON;500;MINIBÚS;2;BOHECHIO;SANTO DOMINGO;UNATRAFIN ;Interurbano;N/A;18/7/2025
SAN JUAN ;06:30AM / 05:00PM;7;ASOCIACION DE TRANSPORTISTA BOHECHIO SAN JUAN;150;CAMIONETA;5;BOHECHIO;SAN JUIAN DE LA MAGUANA;FENATRANO;Interurbano;N/A;18/7/2025
SAN JUAN ;06:00am / 06:00pm;7;ASOCIACION DE TRANSPORTISTA EL CACHEO;100;MICROBÚS;4;EL CACHEO ;SAN JUIAN DE LA MAGUANA;CONATRA;Interurbano;N/A;18/7/2025
SAN JUAN ;03:00AM / 04:30PM;7;ASDUMICER;600;MINIBÚS AUTOBUS;11;EL CERCADO;SANTO DOMINGO;UNATRAFIN ;Interurbano;N/A;18/7/2025
SAN JUAN ;07:30AM / 01:00PM;7;SINDICATO DE CHÓFERES DE LA RUTA SAN JUAN EL GUANAL;150;MICROBÚS;3;GUANAL ;SAN JUIAN DE LA MAGUANA;UNATRAFIN ;Interurbano;N/A;18/7/2025
SAN JUAN ;06:00AM / 07:00PM;7;ASOCIACIOS DE CHOFERES UNIDOS GUANISANJU;100;CARROS;3;GUANITO;SAN JUIAN DE LA MAGUANA;UNATRAFIN ;Interurbano;N/A;18/7/2025
SAN JUAN ;06:00AM / 07:00PM;7;ASOCIACIOS DE CHOFERES UNIDOS GUANISANJU;100;MICROBÚS;8;GUANITO;SAN JUIAN DE LA MAGUANA;UNATRAFIN ;Interurbano;N/A;18/7/2025
SAN JUAN ;06:00AM / 07:00PM;7;ASOCIACIOS DE CHOFERES UNIDOS GUANISANJU;100;CAMIONETA;1;GUANITO;SAN JUIAN DE LA MAGUANA;UNATRAFIN ;Interurbano;N/A;18/7/2025
SAN JUAN ;04:00am / 02:00pm;7;FAUSTO DE LOS SANTOS NOVA;500;MINIBÚS;1;JUAN DE HERRERA;SANTO DOMINGO;UNATRAFIN ;Interurbano;N/A;18/7/2025
SAN JUAN ;06:00am / 06:00pm;7;MARCIAL DE LOS SANTOS;150;MICROBÚS;1;LA JAGUA ;SAN JUIAN DE LA MAGUANA;UNATRAFIN ;Interurbano;N/A;18/7/2025
SAN JUAN ;06:00am / 06:00pm;7;CRISTOBAL DE LOS SANTOS RAMIREZ;150;MICROBÚS;1;LA JAGUA ;SAN JUIAN DE LA MAGUANA;UNATRAFIN ;Interurbano;N/A;18/7/2025
SAN JUAN ;06:00am / 06:00pm;7;TATICO ANTONIO RAMIREZ;150;CARROS;1;LA JAGUA ;SAN JUIAN DE LA MAGUANA;UNATRAFIN ;Interurbano;N/A;18/7/2025
SAN JUAN ;07:00AM / 05:00PM;7;ASOCIACION DE CHOFERES Y DUEÑOS DE VEHICULOS LA MAGUANA;100;CARROS Y MICROBUS;10;LA MAGUANA ARRIBA ;SAN JUIAN DE LA MAGUANA;CONATRA;Interurbano;N/A;18/7/2025
SAN JUAN ;07:00AM / 11:00PM;7;SINDICATO DE CHOFERES Y PASAJEROZ LA UNION;100;MICROBÚS Y CARRO;6;LAS CHARCAS DE MARIA NOVA;SAN JUIAN DE LA MAGUANA;UNATRAFIN ;Interurbano;N/A;18/7/2025
SAN JUAN ;06:00am / 06:00pm;7;SINDICATO DE CHOFERES Y PASAJEROZ LA UNION;100;CAMIONETA;2;LAS CHARCAS DE MARIA NOVA;BARRANCA-SAN JUAN DE LA MAGUAN;UNATRAFIN ;Interurbano;N/A;18/7/2025
SAN JUAN ;07:00AM / 05:00PM;7;COTRASALU;100;CARROS;9;LAS MATAS - EL CERCADO;HONDO VALLE;MOCHOTRAN ;Interurbano;N/A;18/7/2025
SAN JUAN ;07:00AM / 05:00PM;7;COTRASALU;100;CAMIONETA;9;LAS MATAS - EL CERCADO;HONDO VALLE;MOCHOTRAN ;Interurbano;N/A;18/7/2025
SAN JUAN ;07:00AM / 09:00PM;7;TRANSPORTE LAS MATAS CARRERA DE YEGUAS;100;CARROS;17;LAS MATAS DE FARFAN ; CARRERA DE YEGUA;MOCHOTRAN ;Interurbano;N/A;18/7/2025
SAN JUAN ;03:00AM / 06:00PM;7;ASODUVEMAFA;500;"MINIBUS
AUTOBUS";"45
02";LAS MATAS DE FARFAN ;SANTO DOMINGO;FENATRANO;Interurbano;N/A;18/7/2025
SAN JUAN ;06:00am / 06:30pm;7;COOPERATIVA DE TRANSPORTE FARFAN- LAS MATAS- SAN JUAN;200;MICROBÚS MINIBUS;"12
02";LAS MATAS DE FARFAN ;SAN JUIAN DE LA MAGUANA;UNATRAFIN ;Interurbano;N/A;18/7/2025
SAN JUAN ;06:30AM / 05:00PM;7;ASOCHODUVELPI;150;CARROS;30;LAS MATAS DE FARFAN ;ELIAS PIÑA;MOCHOTRAN ;Interurbano;N/A;18/7/2025
 N;N/A;7;"ASOCHODUVELPI
(REYES DE LOS SANTOS)";0;CAMIONETA;8;LAS MATAS DE FARFAN ;ELIAS PIÑA;MOCHOTRAN ;Interurbano;N/A;18/7/2025
SAN JUAN ;07:00AM / 05:00PM;7;COOPERATIVA DE TRANSPORTE FARFAN- LAS MATAS- SAN JUAN;150;CAMIONETA;7;LAS MATAS DE FARFAN ;BANICA;UNATRAFIN ;Interurbano;N/A;18/7/2025
SAN JUAN ;07:00AM / 12:00PM;7;ASOCIACION DE CHOFERES SABANA MULA;150;CAMIONETA;3;LAS MATAS DE FARFAN ;SABANA MULA;UNATRAFIN ;Interurbano;N/A;18/7/2025
SAN JUAN ;06:00AM / 06:00PM;7;JOSE ALTAGRACIA FAMILIA ZABALA;100;CAMIONETA;5;LAS MATAS DE FARFAN ;YABONICO;UNATRAFIN ;Interurbano;N/A;18/7/2025
SAN JUAN ;07:00AM / 03:00PM;7;SILVESTRE SOLIS ENCARNA-CION;150;CAMIONETA;1;LAS MATAS DE FARFAN ; EL CERCADO;UNATRAFIN ;Interurbano;N/A;18/7/2025
SAN JUAN ;07:30AM / 01:00PM;7;SINTRAZAJE;100;CARROS, MICROBUS;3;LAS ZANJAS;SAN JUAN DE LA MAGUANA;CONATRA;Interurbano;N/A;18/7/2025
SAN JUAN ;07:30AM / 01:00PM;7;SINTRAZAJE;100;CAMIONETA;3;LAS ZANJAS;SAN JUAN DE LA MAGUANA;CONATRA;Interurbano;N/A;18/7/2025
SAN JUAN ;06:00AM / 04:00PM;7;RAFAEL CUEVAS DEL ROSARIO;100;AUTOBÚS, MICROBUS Y MINIBUS;1;LOS BANCOS ;SAN JUIAN DE LA MAGUANA;UNATRAFIN ;Interurbano;N/A;18/7/2025
SAN JUAN ;06:30AM / 01:30PM;7;SINTRAMACOP;100;MICROBÚS;0;LOS COPEYES;LAS MATAS DE FARFÁN ;CONATRA;Interurbano;N/A;18/7/2025
SAN JUAN ;07:00AM / 12:00PM;7;TRANSPORTISTAS DE LA SECCION LOS FRIOS;250;CAMIONETA;7;LOS FRIOS ;SAN JUAN DE LA MAGUANA;UNATRAFIN ;Interurbano;N/A;18/7/2025
SAN JUAN ;07:00AM / 09:00PM;7;ASOCHOPUCA;100;MICROBÚS;5;PUNTA CAÑA;SAN JUIAN DE LA MAGUANA;UNATRAFIN ;Interurbano;N/A;18/7/2025
SAN JUAN ;05:00AM / 11:00PM;7;LEONIDAS LOPEZ GARCIA;500;MINIBÚS;1;SABANETA;SANTO DOMINGO;UNATRAFIN ;Interurbano;N/A;18/7/2025
SAN JUAN ;07:00AM / 04:30PM;7; SOVIESKY LOPEZ SANCHEZ;500;MINIBÚS;1;SABANETA - SAN JUAN ;SANTO DOMINGO;UNATRAFIN ;Interurbano;N/A;18/7/2025
SAN JUAN ;06:00AM / 03:00PM;7;TRANSPORTE ANTIO SRL;500;MINIBÚS;3;SABANETA-JUAN DE HERRERA;SANTO DOMINGO;UNATRAFIN ;Interurbano;N/A;18/7/2025
SAN JUAN ;05:30AM / 05:30PM;7;SINCHOTRAPUSAJUHECA;50;CARROS;19;SAN JUAN DE HERRERAS LAS CAÑAS;SAN JUIAN DE LA MAGUANA;UNATRAFIN ;Interurbano;N/A;18/7/2025
SAN JUAN ;06:00AM / 06:00PM;7;SINDICATOS DE CHOFERES TRANSPORTISTA DE PASAJEROS SAN JUAN LAS MATAS ELIAS PIÑAS;200;MINIBÚS;22;SAN JUAN DE LA MAGUANA;ELIAS PIÑA;FENATRANO;Interurbano;N/A;18/7/2025
SAN JUAN ;04:00AM / 07:30PM;7;ASODUMIN (TENGUERENGUE);400;AUTOBÚS,MINIBUS;2;SAN JUAN DE LA MAGUANA;SANTO DOMINGO;FENATRANO;Interurbano;N/A;18/7/2025
SAN JUAN ;08:20AM / 06:00PM;7;ASOCIACION DE DUEÑOS DE VEHICULOS RUTA SAN JUAN-SABANETA;100;CARROS, MICROBUS;2;SAN JUAN DE LA MAGUANA;SABANETA;UNATRAFIN ;Interurbano;N/A;18/7/2025
SAN JUAN ;05:00AM / 06:30PM;7;DEL VALLE TOURS SRL;400;AUTOBÚS,MINIBUS;17;SAN JUAN DE LA MAGUANA;SANTO DOMINGO;UNATRAFIN ;Interurbano;N/A;18/7/2025
SAN JUAN ;07:00AM / 04:00PM;7;ANTONIO RAMIREZ;100;CARROS;10;SAN JUAN DE LA MAGUANA;CARDON - EL CAPA;UNATRAFIN ;Interurbano;N/A;18/7/2025
SAN JUAN ;04:00am / 02:00pm;7;LEOCADIO CUEVA MATEO;500;MINIBÚS;1;VALLEJUELO;SANTO DOMINGO;UNATRAFIN ;Interurbano;N/A;18/7/2025
SAN JUAN ;07:00AM / 04:00PM;7;ASODUMIVA;500;MINIBÚS;7;VALLEJUELO;SANTO DOMINGO;UNATRAFIN ;Interurbano;N/A;18/7/2025
SAN JUAN ;07:00AM / 05:00PM;7;ASODUMIVA;200;CARROS;4;VALLEJUELO;SAN JUAN DE LA MAGUANA;UNATRAFIN ;Interurbano;N/A;18/7/2025
SAN JUAN;04:00am / 03:00pm;7;EDUARDO OGANDO SANCHEZ;600;MINIBÚS;1;EL DERRUMBADERO, EL CERCADO,;SANTO DOMINGO;NO AFILIADO-S;Interurbano;N/A;18/7/2025
SAN PEDRO DE MACORIS;05:00AM / 06:00PM;7;LEONARDO FELIPE DE LA CRUZ ;40;MICROBÚS;1;ANGELINA;SAN PEDRO DE MACORIS;MOCHOTRAN ;Interurbano;N/A;18/7/2025
SAN PEDRO DE MACORIS;05:00AM / 06:00PM;7;MANUEL SILVESTRE GIL;40;MICROBÚS;1;ANGELINA;SAN PEDRO DE MACORIS;MOCHOTRAN ;Interurbano;N/A;18/7/2025
SAN PEDRO DE MACORIS;05:00AM / 06:00PM;7;MEURI PEÑA SEGURA;400;MICROBÚS;1;ANGELINA;SAN PEDRO DE MACORIS;MOCHOTRAN ;Interurbano;N/A;18/7/2025
SAN PEDRO DE MACORIS;05:00AM / 06:00PM;7;EUCLIDES ANTONIO DE LOS SANTOS.;400;MICROBÚS;1;ANGELINA;SAN PEDRO DE MACORIS;MOCHOTRAN ;Interurbano;N/A;18/7/2025
SAN PEDRO DE MACORIS;05:00AM / 06:00PM;7;FELIX RIVAS COLON ;40;MICROBÚS;1;ANGELINA;SAN PEDRO DE MACORIS;MOCHOTRAN ;Interurbano;N/A;18/7/2025
SAN PEDRO DE MACORIS;06:00AM / 07:00PM;7;ASOTRACAYA (COMTRACAYA);75;MICROBÚS;10;CAYACOA;SAN PEDRO DE MACORIS;"CONATRA
(CONEMPTRARE)";Interurbano;N/A;18/7/2025
SAN PEDRO DE MACORIS;07:00AM / 07:20PM;7;ASOCHOIPO SRL;100;MICROBÚS;3;EL PUERTO;SAN JOSE DE LOS LLANOS;"CONATRA
(CONEMPTRARE)";Interurbano;N/A;18/7/2025
SAN PEDRO DE MACORIS;05:00AM / 03:30PM;7;ASOCHOIPO SRL;250;MICROBÚS;2;EL PUERTO;SANTO DOMINGO;"CONATRA
(CONEMPTRARE)";Interurbano;N/A;18/7/2025
SAN PEDRO DE MACORIS;07:00AM / 10.30PM;7;ASOCHOIPO;150;MICROBÚS;3;EL PUERTO;CONSUELO;"CONATRA
(CONEMPTRARE)";Interurbano;N/A;18/7/2025
SAN PEDRO DE MACORIS;06:30AM / 06:40PM;7;ASOCHOIPO SRL;125;MINIBÚS, MICROBUS;6;EL PUERTO;BAYAGUANA;"CONATRA
(CONEMPTRARE)";Interurbano;N/A;18/7/2025
SAN PEDRO DE MACORIS;06:30AM / 06:40PM;7;ASOCHOIPO SRL;125;MICROBÚS;1;EL PUERTO;BAYAGUANA;"CONATRA
(CONEMPTRARE)";Interurbano;N/A;18/7/2025
SAN PEDRO DE MACORIS;05:30AM / 09:30PM;7;" SANTIAGO ADRIANO GONZALEZ ABREU
ASOPRUQUISANPM";60;MINIBÚS;1;INGENIO QUISQUEYA ;SAN PEDRO DE MACORIS;"CONATRA
(CONEMPTRARE)";Interurbano;N/A;18/7/2025
SAN PEDRO DE MACORIS;07:00AM / 08:30;7;ASOPRUQUISANPM;60;MINIBÚS;18;INGENIO QUISQUEYA ;SAN PEDRO DE MACORIS;"CONATRA
(CONEMPTRARE)";Interurbano;N/A;18/7/2025
SAN PEDRO DE MACORIS;05:30AM / 09:30PM;7;"DOMINGO SANTO GONZALEZ ADAMES
ASOPRUQUISANPM";60;MINIBÚS;1;INGENIO QUISQUEYA ;SAN PEDRO DE MACORIS;"CONATRA
(CONEMPTRARE)";Interurbano;N/A;18/7/2025
SAN PEDRO DE MACORIS;05:30AM / 09:30PM;7;"HECTOR SANTIAGO GONZALEZ ABREU
ASOPRUQUISANPM";60;MINIBÚS;1;INGENIO QUISQUEYA ;SAN PEDRO DE MACORIS;"CONATRA
(CONEMPTRARE)";Interurbano;N/A;18/7/2025
SAN PEDRO DE MACORIS;05:30AM / 09:30PM;7;"JUSTINA ADAMES DE GONZALEZ
ASOPRUQUISANPM";60;MINIBÚS;1;INGENIO QUISQUEYA ;SAN PEDRO DE MACORIS;"CONATRA
(CONEMPTRARE)";Interurbano;N/A;18/7/2025
SAN PEDRO DE MACORIS;05:30AM / 09:30PM;7;"SANTIAGO GONZALEZ ADAMES
ASOPRUQUISANPM";60;MINIBÚS;1;INGENIO QUISQUEYA ;SAN PEDRO DE MACORIS;"CONATRA
(CONEMPTRARE)";Interurbano;N/A;18/7/2025
SAN PEDRO DE MACORIS;06:00AM / 07:00PM;7;COTRANPALLANOS SRL;140;MICROBÚS;10;SAN JOSE DE LOS LLANOS;SAN PEDRO DE MACORIS;"CONATRA
(CONEMPTRARE)";Interurbano;N/A;18/7/2025
SAN PEDRO DE MACORIS;05:00AM / 06:00PM;7;COTRANPALLANOS SRL;150;MINIBÚS;5;SAN JOSE DE LOS LLANOS;SANTO DOMINGO;"CONATRA
(CONEMPTRARE)";Interurbano;N/A;18/7/2025
SAN PEDRO DE MACORIS;05:30AM / 10:00PM;7;ASOTRAPICO (COMTRAPICO S.R.L);50;MINIBÚS;53;SAN PEDRO DE MACORIS;CONSUELO;"CONATRA
(CONEMPTRARE)";Interurbano;N/A;18/7/2025
SAN PEDRO DE MACORIS;05:00AM / 09:PM;7;ASOTRASANP;200;MINIBÚS,AUTOBUS;34;SAN PEDRO DE MACORIS;SANTO DOMINGO;FENATRANO;Interurbano;N/A;18/7/2025
SAN PEDRO DE MACORIS;05:00AM / 09:PM;7;ASTRAPU S.R.L.;200;AUTOBÚS;41;SAN PEDRO DE MACORIS;SANTO DOMINGO;"CONATRA
(CONEMPTRARE)";Interurbano;N/A;18/7/2025
SAN PEDRO DE MACORIS;06:00AM / 07:30PM;7;"CLAUDIO ZAPATA
SIDATRUIR";50;MICROBÚS;1;SAN PEDRO DE MACORIS;RAMON SANTANA;"CONATRA
(CONEMPTRARE)";Interurbano;N/A;18/7/2025
SAN PEDRO DE MACORIS;06:00AM / 07:30PM;7;"CLAUDIO ZAPATA
SIDATRUIR";50;MICROBÚS;1;SAN PEDRO DE MACORIS;RAMON SANTANA;"CONATRA
(CONEMPTRARE)";Interurbano;N/A;18/7/2025
SAN PEDRO DE MACORIS;07:30AM / 06:30PM;7;"FRIONEL EMILIO ROGERS
SIDATRUIR";50;MICROBÚS;1;SAN PEDRO DE MACORIS;RAMON SANTANA;"CONATRA
(CONEMPTRARE)";Interurbano;N/A;18/7/2025
SAN PEDRO DE MACORIS;07:30AM / 06:30PM;7;"JOSE RAMON SANCHEZ
SIDATRUIR";50;MICROBÚS;1;SAN PEDRO DE MACORIS;RAMON SANTANA;"CONATRA
(CONEMPTRARE)";Interurbano;N/A;18/7/2025
SAN PEDRO DE MACORIS;07:30AM / 06:30PM;7;"MARIA GUERRERO DE GONZALEZ
SIDATRUIR";50;MICROBÚS;1;SAN PEDRO DE MACORIS;RAMON SANTANA;"CONATRA
(CONEMPTRARE)";Interurbano;N/A;18/7/2025
SAN PEDRO DE MACORIS;07:30AM / 06:30PM;7;"MELVIN ANTONIO MERCEDES SANTANA
SIDATRUIR";50;MICROBÚS;1;SAN PEDRO DE MACORIS;RAMON SANTANA;"CONATRA
(CONEMPTRARE)";Interurbano;N/A;18/7/2025
SAN PEDRO DE MACORIS;07:30AM / 06:30PM;7;"RAMON MOTA Y/O ALODIA M. ARIAS.
SIDATRUIR";50;MICROBÚS;1;SAN PEDRO DE MACORIS;RAMON SANTANA;"CONATRA
(CONEMPTRARE)";Interurbano;N/A;18/7/2025
SAN PEDRO DE MACORIS;07:30AM / 06:30PM;7;"SERGIO ANTONIO ALCALA
SIDATRUIR";50;MICROBÚS;1;SAN PEDRO DE MACORIS;RAMON SANTANA;"CONATRA
(CONEMPTRARE)";Interurbano;N/A;18/7/2025
SAN PEDRO DE MACORIS;06:00AM / 06:00PM;7;SINASOCHOCO;50;MICROBÚS;1;SAN PEDRO DE MACORIS;EL SOCO;"CONATRA
(CONEMPTRARE)";Interurbano;N/A;18/7/2025
SAN PEDRO DE MACORIS;05:00AM / 08:00PM;7; CONTRAMABOCHI SRL;100;MINIBÚS;19;SAN PEDRO DE MACORIS;BOCA CHICA;"CONATRA
(CONEMPTRARE)";Interurbano;N/A;18/7/2025
SAN PEDRO DE MACORIS;05:00AM / 08:00PM;7;"VICTOR MANUEL DEMORISIS
SIDATRUIR";50;MICROBÚS;1;SAN PEDRO DE MACORIS;RAMON SANTANA;"CONATRA
(CONEMPTRARE)";Interurbano;N/A;18/7/2025
SAN PEDRO DE MACORIS;05:00AM / 08:00PM;7;"VICTOR MANUEL RIOS BATISTA
SIDATRUIR";50;MICROBÚS;1;SAN PEDRO DE MACORIS;RAMON SANTANA;"CONATRA
(CONEMPTRARE)";Interurbano;N/A;18/7/2025
SAN PEDRO DE MACORIS;05:00AM / 08:00PM;7;"LURIS RAMONA CASTILLO
SIDATRUIR";50;MICROBÚS;1;SAN PEDRO DE MACORIS;RAMON SANTANA;"CONATRA
(CONEMPTRARE)";Interurbano;N/A;18/7/2025
SAN PEDRO DE MACORIS;05:00AM / 08:00PM;7;"GERMAN DOMINGO DIAZ
SIDATRUIR";50;MICROBÚS;1;SAN PEDRO DE MACORIS;RAMON SANTANA;"CONATRA
(CONEMPTRARE)";Interurbano;N/A;18/7/2025
SAN PEDRO DE MACORIS;05:00AM / 08:00PM;7;"FELIPE RADHAMES SANTANA
SIDATRUIR";50;MICROBÚS;1;SAN PEDRO DE MACORIS;RAMON SANTANA;"CONATRA
(CONEMPTRARE)";Interurbano;N/A;18/7/2025
SAN PEDRO DE MACORIS;05:00AM / 08:00PM;7;"MAXIMO RAMON FERRERA
SIDATRUIR";50;MICROBÚS;1;SAN PEDRO DE MACORIS;RAMON SANTANA;"CONATRA
(CONEMPTRARE)";Interurbano;N/A;18/7/2025
SANCHEZ RAMIREZ;05:00AM / 06:00PM;7;TRANSPORTE JOSE ANTONIO CESPEDES PEÑA, SRL;250;MICROBÚS,MINIBUS;1;COMEDERO-FANTINO;SANTO DOMINGO;CONATRA;Interurbano;N/A;18/7/2025
SANCHEZ RAMIREZ;05:00AM / 06:00PM;7;TRANSPORTE MARTIN ROSA REYES;300;MINIBÚS,MICROBUS;1;COMEDERO-MAIMON;SANTO DOMINGO;CONATRA;Interurbano;N/A;18/7/2025
SANCHEZ RAMIREZ;05:00AM / 06:00PM;7;TRANSPORTE MARTIN ROSA REYES;300;AUTOBÚS;0;COMEDERO-MAIMON;SANTO DOMINGO;CONATRA;Interurbano;N/A;18/7/2025
SANCHEZ RAMIREZ;06:00AM / 07:00PM;7;SIND. DE CHOF. JUAN ANT. RONDON;100;CARROS;26;COTUI;PIMENTEL;MOCHOTRAN ;Interurbano;N/A;18/7/2025
SANCHEZ RAMIREZ;06:00AM / 07:00PM;7;SIND. DE CHOF. JUAN ANT. RONDON;100;MICROBÚS;0;COTUI;PIMENTEL;MOCHOTRAN ;Interurbano;N/A;18/7/2025
SANCHEZ RAMIREZ;05:30AM / 06:00PM;7;SINDICATO DE CHOFERES MATILDE PAULINO ;100;CARROS;28;COTUI;LA CUEVA DE CEVICOS;CONATRA;Interurbano;N/A;18/7/2025
SANCHEZ RAMIREZ;05:30AM / 06:00PM;7;SINDICATO DE CHOFERES MATILDE PAULINO ;100;CAMIONETA;0;COTUI;LA CUEVA DE CEVICOS;CONATRA;Interurbano;N/A;18/7/2025
SANCHEZ RAMIREZ;06:00AM / 06:00PM;7;SINDICATO DE CHOFERES UNIDOS JUAN PABLO DUARTE ;200;CARROS;24;COTUI;PIEDRA BLANCA;CONATRA;Interurbano;N/A;18/7/2025
SANCHEZ RAMIREZ;06:30AM;7;LILIAN TOURS, SRL;300;MICROBUS;1;HERNADO ALONZO;SANTO DOMINGO;NO AFILIADO-S;Interurbano;N/A;18/7/2025
SANCHEZ RAMIREZ;06:00AM / 06:00PM;7;SINDICATO DE CHOFERES UNIDOS JUAN PABLO DUARTE ;200;CARROS;0;COTUI;PIEDRA BLANCA;CONATRA;Interurbano;N/A;18/7/2025
SANCHEZ RAMIREZ;06:00AM / 06:00PM;7;SINDICATO DE CHOFERES UNIDOS JUAN PABLO DUARTE ;200;MICROBÚS;0;COTUI;PIEDRA BLANCA;CONATRA;Interurbano;N/A;18/7/2025
SANCHEZ RAMIREZ;04:30AM / 07:00PM;7;TRANSCHOUFAM, SRL;200;CARROS, MICROBUS;120;COTUI;LA VEGA;MOCHOTRAN ;Interurbano;N/A;18/7/2025
SANCHEZ RAMIREZ;05:00AM / 06:30PM;7;SITRAPUMICO ;300;MINIBÚS;27;COTUI;SANTO DOMINGO;CONATRA;Interurbano;N/A;18/7/2025
SANCHEZ RAMIREZ;10:30AM / 06:45PM;7;ASOCIACION DE CHOFERES NUEVO AMANECER ;150;CAMINETAS;0;COTUI;LA CUEVA DE ZAMBRANA;CONATRA;Interurbano;N/A;18/7/2025
SANCHEZ RAMIREZ;05:00AM / 01:00PM;7;"APOLINAR VASQUEZ
RAFAEL BELEN MOREL ";350;MICROBÚS;1;LA BIJA-COTUI;SANTO DOMINGO;CONATRA;Interurbano;N/A;18/7/2025
SANCHEZ RAMIREZ;05:00AM / 01:00PM;7;SICHOJUCO S.R.L;250;MINIBÚS;28;LA CUEVA DE CEVICOS;SANTO DOMINGO;CONATRA;Interurbano;N/A;18/7/2025
SANTIAGO;08:30AM / 03:30PM;7;SINDICATO DE CHOFERES DE BAITOA;80;MICROBÚS;17;BAITOA;SANTIAGO DE LOS CABALLEROS;UNET;Interurbano;N/A;18/7/2025
SANTIAGO;08:30AM / 03:30PM;7;SINDICATO DE CHOFERES DE BAITOA;80;CAMIONETA;7;BAITOA;SANTIAGO DE LOS CABALLEROS;UNET;Interurbano;N/A;18/7/2025
SANTIAGO;06:00AM / 06:00PM;7;SICHOJUNCA;150;CAMIONETA;1;CAHUEYES;SANTIAGO DE LOS CABALLEROS;CNTT;Interurbano;N/A;18/7/2025
SANTIAGO;05:50AM / 07:10PM;7;FEDERACION DE TRABAJADORES DE LA REGION NORTE FETTRANRENO;35;AUTOBÚS;30;CIEN FUEGOS;PONTEZUELA (SANTIAGO DE LOS CABALLEROS );FETRANRRENO;Interurbano;N/A;18/7/2025
SANTIAGO;07:00AM / 03:00PM;7;MANUEL ANTONIO RODRÍGUEZ;350;MICROBÚS;1;COROCITO;SANTIAGO DE LOS CABALLEROS;CNTT;Interurbano;N/A;18/7/2025
SANTIAGO;07:00AM / 03:00PM;7;RAMÓN ANTONIO TORRES;350;MINIBÚS;1;COROCITO;SANTIAGO DE LOS CABALLEROS;CNTT;Interurbano;N/A;18/7/2025
SANTIAGO;07:00AM / 03:00PM;7;SICHOJUNCA;150;MICROBÚS;1;DAMAJAGUA;SANTIAGO DE LOS CABALLEROS;CNTT;Interurbano;N/A;18/7/2025
SANTIAGO;06:30AM / 04:00PM;7;DANILO TAVÁREZ;200;CAMIONETA;1;EL CARRIZAL;SAN JOSÉ DE LAS MATAS;NO AFILIADO-S;Interurbano;N/A;18/7/2025
SANTIAGO;06:30AM / 04:00PM;7;JUAN DE JESUS CEPIN ALMONTE;200;CAMIONETA;0;EL CARRIZAL;SAN JOSÉ DE LAS MATAS;CNTT;Interurbano;N/A;18/7/2025
SANTIAGO;06:30AM / 04:00PM;7; LORENZO ANTONIO ORTIZ;200;MINIBÚS;1;EL CARRIZAL;SANTIAGO DE LOS CABALLEROS;CNTT;Interurbano;N/A;18/7/2025
SANTIAGO;06:30AM / 04:00PM;7;"LORENZO ANTONIO ORTIZ 
MARINO ESTEVAN DISLA HERNÁNDEZ";200;MICROBÚS;1;EL CARRIZAL;SANTIAGO DE LOS CABALLEROS;UNET;Interurbano;N/A;18/7/2025
SANTIAGO;06:00AM / 04:00PM;7;BRAULIO ALBERTO ROSARIO ROA;150;CAMIONETA;2;EL HOYASO ( PEDRO GARCÍA);SANTIAGO DE LOS CABALLEROS;NO AFILIADO-S;Interurbano;N/A;18/7/2025
SANTIAGO;07:30AM / 02:00PM;7;AGUSTÍN NOEL GÍMEZ RIVAS;275;MINIBÚS;1;EL RUBIO;SANTIAGO DE LOS CABALLEROS;CNTT;Interurbano;N/A;18/7/2025
SANTIAGO;07:30AM / 02:00PM;7;"ARIS RODRIGUEZ ALMONTE 
EZEQUIEL AZCONA DE LOS SANTOS";200;MINIBÚS;1;EL RUBIO;SANTIAGO DE LOS CABALLEROS;CNTT;Interurbano;N/A;18/7/2025
SANTIAGO;07:30AM / 02:00PM;7;"ASOCHOSER
UCHOSAJOMA";200;CAMIONETA;13;EL RUBIO ;SAN JOSÉ DE LAS MATAS;CONATRA;Interurbano;N/A;18/7/2025
SANTIAGO;06:30AM / 12:30PM;7;SICHOJUNCA;250;MICROBÚS;2;FRANCO BIDÓ;SANTIAGO DE LOS CABALLEROS;CNTT;Interurbano;N/A;18/7/2025
SANTIAGO;06:30AM / 12:30PM;7;SICHOJUNCA;250;MINIBÚS;1;FRANCO BIDÓ;SANTIAGO DE LOS CABALLEROS;CNTT;Interurbano;N/A;18/7/2025
SANTIAGO;06:30AM / 02:00PM;7;ASOCHORUJASAN (ERUJASAN);100;MICROBÚS;17;JANICO ;SANTIAGO DE LOS CABALLEROS;FETRANRRENO;Interurbano;N/A;18/7/2025
SANTIAGO;06:30AM / 02:00PM;7;ASOCHORUJASAN (ERUJASAN);100;CAMIONETA;6;JANICO ;SANTIAGO DE LOS CABALLEROS;FETRANRRENO;Interurbano;N/A;18/7/2025
SANTIAGO;06:30AM / 02:00PM;7;ASOCHORUJASAN (ERUJASAN);100;CARROS;6;JANICO ;SANTIAGO DE LOS CABALLEROS;FETRANRRENO;Interurbano;N/A;18/7/2025
SANTIAGO;06:30AM / 02:00PM;7;SICHOJUNCA;250;MINIBÚS, MICROBUS;2;JUNCALITO;SANTIAGO DE LOS CABALLEROS;FETRANRRENO;Interurbano;N/A;18/7/2025
SANTIAGO;05:15AM / 08:00PM;7;SINCHOCABA;55;MICROBÚS;27;KM 5½ BAITOA;SANTIAGO DE LOS CABALLEROS;UNET;Interurbano;N/A;18/7/2025
SANTIAGO;05:15AM / 08:00PM;7;SINCHOCABA;55;CAMIONETA;9;KM 5½ BAITOA;SANTIAGO DE LOS CABALLEROS;UNET;Interurbano;N/A;18/7/2025
SANTIAGO;06:00AM / 09:30PM;7;SICHOJUNCA;250;CAMIONETA;1;LA CALAVERNA;SANTIAGO DE LOS CABALLEROS;CNTT;Interurbano;N/A;18/7/2025
SANTIAGO;06:30AM / 02:00PM;7;SICHOJUNCA;150;CAMIONETA;1;LA CEJITA;SANTIAGO DE LOS CABALLEROS;CNTT;Interurbano;N/A;18/7/2025
SANTIAGO;06:00AM / 09:30PM;7;SICHOCUSA;100;MICROBÚS;17;LA CUESTA;SANTIAGO DE LOS CABALLEROS;CNTT;Interurbano;N/A;18/7/2025
SANTIAGO;06:00AM / 09:30PM;7;SICHOCUSA;100;CAMIONETA;8;LA CUESTA;SANTIAGO DE LOS CABALLEROS;CNTT;Interurbano;N/A;18/7/2025
SANTIAGO;06:20AM / 12:20PM;7;MANUEL ANTONIO RODRÍGUEZ;300;MINIBÚS;1;LA DIEFRENCIA;SANTIAGO DE LOS CABALLEROS;CNTT;Interurbano;N/A;18/7/2025
SANTIAGO;06:20AM / 12:20PM;7;RAFAEL M. DÍAZ LANFRANCO;300;MICROBÚS;1;LA DIEFRENCIA;SANTIAGO DE LOS CABALLEROS;CNTT;Interurbano;N/A;18/7/2025
SANTIAGO;06:20AM / 12:20PM;7;SICHOJUNCA;45;CAMIONETA;1;LA JAGUA ;SANTIAGO DE LOS CABALLEROS;CNTT;Interurbano;N/A;18/7/2025
SANTIAGO;06:20AM / 12:20PM;7;SICHOJUNCA;250;MICROBÚS;1;LA LORA;SANTIAGO DE LOS CABALLEROS;CNTT;Interurbano;N/A;18/7/2025
SANTIAGO;06:20AM / 12:20PM;7;SICHOJUNCA;250;CAMIONETA;1;LA NORITA;SANTIAGO DE LOS CABALLEROS;CNTT;Interurbano;N/A;18/7/2025
SANTIAGO;06:20AM / 12:20PM;7;SICHOJUNCA;250;MINIBÚS;0;LA NORITA;SANTIAGO DE LOS CABALLEROS;CNTT;Interurbano;N/A;18/7/2025
SANTIAGO;08:00AM / 01:00PM;7;JOSÉ ANTONIO RODRÍGUEZ RODRÍGUEZ ;350;CAMIONETA;1;LA PIEDRA;SAN JOSÉ DE LAS MATAS;CNTT;Interurbano;N/A;18/7/2025
SANTIAGO;08:00AM / 01:00PM;7;"JULIO ANTONIO TORRES 
ELADIO S. ESPINAL";350;MICROBÚS;1;LA PIEDRA;SANTIAGO DE LOS CABALLEROS;CNTT;Interurbano;N/A;18/7/2025
SANTIAGO;09:40AM / 04:30PM;7;ADOLFO DAVID ALMONTE UREÑA;300;MINIBÚS;1;LA PLACETA;SAN JOSE DE LAS MATAS-SANTIAGO;CNTT;Interurbano;N/A;18/7/2025
SANTIAGO;09:40AM / 04:30PM;7;JOSÉ IGNACIO NÚÑEZ UREÑA;300;MINIBÚS;1;LA PLACETA ;SANTIAGO DE LOS CABALLEROS;CNTT;Interurbano;N/A;18/7/2025
SANTIAGO;05:45AM / 08:30PM;7;"RAFAEL ANTONIO PEREZ TAVAREZ 
JOSE MANUEL ACOSTA";150;CAMIONETA;1;LA YAYITA;SANTIAGO DE LOS CABALLEROS;NO AFILIADO-S;Interurbano;N/A;18/7/2025
SANTIAGO;06:30AM / 04:00PM;7;UNACHOSIN ;40;CARROS, MICROBUS;61;LAS CHARCAS;SANTIAGO DE LOS CABALLEROS;FETRANRRENO;Interurbano;N/A;18/7/2025
SANTIAGO;06:30AM / 04:00PM;7;ARMANDO DE JESUS RODRIGUEZ MARIÑE;250;CAMIONETA;1;LAS CUATRO ESQUINA -EL RUBIO;SANTIAGO DE LOS CABALLEROS;CNTT;Interurbano;N/A;18/7/2025
SANTIAGO;07:15AM / 12:00PM;7;ADOLFO DAVID ALMONTE UREÑA;400;MINIBÚS;1;LAS LAGUNAS;SANTIAGO DE LOS CABALLEROS;CNTT;Interurbano;N/A;18/7/2025
SANTIAGO;07:15AM / 12:00PM;7;TRANSPORTE HILSA;400;MINIBÚS;1;LAS LAGUNAS;SANTIAGO DE LOS CABALLEROS;CNTT;Interurbano;N/A;18/7/2025
SANTIAGO;06:30AM / 02:00PM;7;ASOCIACION DE CHOFERES DE LOS MONTONES-SAN JOSE DE LAS MATAS;75;CAMIONETA;6;LOS MONTONES ;SAN JOSÉ DE LAS MATAS;CNTT;Interurbano;N/A;18/7/2025
SANTIAGO;06:30AM / 02:00PM;7;FAUSTO ANTONIO ESTEVEZ ARACENA;200;CAMIONETA;1;LOS MONTONES ;SANTIAGO DE LOS CABALLEROS;CNTT;Interurbano;N/A;18/7/2025
SANTIAGO;06:30AM / 02:00PM;7;"JULIO ANTONIO TORRES
 JAIME TOMAS RODRÍGUEZ";200;CAMIONETA;1;LOS MONTONES ;SANTIAGO DE LOS CABALLEROS;CNTT;Interurbano;N/A;18/7/2025
SANTIAGO;06:30AM / 02:00PM;7;"JULIO ANTONIO TORRES 
LEO CASTRO";200;CAMIONETA;1;LOS MONTONES ;SANTIAGO DE LOS CABALLEROS;NO AFILIADO-S;Interurbano;N/A;18/7/2025
SANTIAGO;06:30AM / 02:00PM;7;JESÚS MARÍA RODRÍGUEZ JÁQUEZ;200;CAMIONETA;1;LOS RAMONES SAN JOSÉ DE LAS MATAS;SANTIAGO DE LOS CABALLEROS;CNTT;Interurbano;N/A;18/7/2025
SANTIAGO;06:45 / 11:00PM;7;LEONEL RIVAS;200;CAMIONETA;1;MATA GRANDE;SAN JOSÉ DE LAS MATAS;CNTT;Interurbano;N/A;18/7/2025
SANTIAGO;06:30AM / 02:00PM;7;"RAMÓN ANTONIO TORRES
JOSÉ IGNACIO NÚÑEZ ADAMES ";200;CAMIONETA,MICROBUS;1;MATA GRANDE;SANTIAGO DE LOS CABALLEROS;CNTT;Interurbano;N/A;18/7/2025
SANTIAGO;06:30AM / 02:00PM;7;NOEL IGNACIO NUÑEZ ADAMES;200;MINIBÚS;2;MATA GRANDE;SANTIAGO DE LOS CABALLEROS;CNTT;Interurbano;N/A;18/7/2025
SANTIAGO;06:30AM / 02:00PM;7;"RAMÓN ANTONIO TORRES
JOSÉ IGNACIO NÚÑEZ ADAMES ";200;MINIBÚS;1;MATA GRANDE;SANTIAGO DE LOS CABALLEROS;CNTT;Interurbano;N/A;18/7/2025
SANTIAGO;05:40AM / 07:00PM;7;SICHONASA (UTNASA);70;CARROS;2,000.00;NAVARRETE;PUERTO PLATA;CNTT;Interurbano;N/A;18/7/2025
SANTIAGO;05:40AM / 07:00PM;7;SICHONASA (UTNASA);70;MINIBÚS;44;NAVARRETE;SANTIAGO DE LOS CABALLEROS;CONATRA-A;Interurbano;N/A;18/7/2025
SANTIAGO;05:10AM / 09:00PM;7;ASOCIACION DE CHOFERES PALMAR ARRIBA;35;MICROBÚS y miniBUS;22;PALMAR ARRIBA;SANTIAGO DE LOS CABALLEROS;UNET;Interurbano;N/A;18/7/2025
SANTIAGO;05:10AM / 09:00PM;7;ASOCIACION DE CHOFERES PALMAR ARRIBA;35;MINIBÚS;0;PALMAR ARRIBA;SANTIAGO DE LOS CABALLEROS;UNET;Interurbano;N/A;18/7/2025
SANTIAGO;06:00AM / 02:00PM;7;RAMÓN ARSENIO RODRÍGUEZ PERALTA;250;CAMIONETA;1;PANANÁO (EL RUBIO )-SANTIAGO;SANTIAGO DE LOS CABALLEROS;CNTT;Interurbano;N/A;18/7/2025
SANTIAGO;07:00AM / 12:30PM;7;SICHORUPAPISAN;200;MINIBÚS;3;PAPAYO - PINALITO;SANTIAGO DE LOS CABALLEROS;CNTT;Interurbano;N/A;18/7/2025
SANTIAGO;07:00AM / 12:30PM;7;SICHORUPAPISAN;200;CAMIONETA;7;PAPAYO - PINALITO;SANTIAGO DE LOS CABALLEROS;CNTT;Interurbano;N/A;18/7/2025
SANTIAGO;06:30AM / 03:00PM;7;JOSÉ R. CEPÍN;250;MINIBÚS;1;RINCON DE PIEDRA ;SANTIAGO DE LOS CABALLEROS;CNTT;Interurbano;N/A;18/7/2025
SANTIAGO;06:30AM / 03:00PM;7;SICHOJUNCA;300;MICROBÚS;1;RINCÓN LARGO;SANTIAGO DE LOS CABALLEROS;CNTT;Interurbano;N/A;18/7/2025
SANTIAGO;06:30AM / 07:00PM;7;UNION DE CHOFERES SABANA IGLESIA;100;MICROBÚS;24;SABANA IGLESIA;SANTIAGO DE LOS CABALLEROS;CNTT;Interurbano;N/A;18/7/2025
SANTIAGO;06:30AM / 03:00PM;7;UCHOSAJOMA;150;MICROBUS;1;SAN JOSE DE LAS MATAS;SANTIAGO DE LOS CABALLEROS;CNTT;Interurbano;N/A;18/7/2025
SANTIAGO;06:30AM / 03:00PM;7;UCHOSAJOMA;150;CARROS;36;SAN JOSE DE LAS MATAS;SANTIAGO DE LOS CABALLEROS;CNTT;Interurbano;N/A;18/7/2025
SANTIAGO;06:30AM / 03:00PM;7;UCHOSAJOMA;150;CAMIONETA;8;SAN JOSE DE LAS MATAS;SANTIAGO DE LOS CABALLEROS;CNTT;Interurbano;N/A;18/7/2025
SANTIAGO;06:30AM / 03:00PM;7;JUANITO GARCÍA BUENO;400;MINIBÚS;1;SANTIAGO DE LOS CABALLEROS; SAMANA ;NO AFILIADO-S;Interurbano;N/A;18/7/2025
SANTIAGO;05:00AM / 08:00PM;7;SINDICATO DE CHOFERES SANTIAGO-CANELA-GUATAPANAL;100;MICROBÚS;39;SANTIAGO DE LOS CABALLEROS; AMINA;NO AFILIADO-S;Interurbano;N/A;18/7/2025
SANTIAGO;06:00AM / 06:00PM;7;ASOCIACION DE CHOFERES CAIMITO-YAQUE ABAJO SANTIAGO;200;CAMIONETA;9;SANTIAGO DE LOS CABALLEROS; EL CAIMITO- YAQUE ABAJO;CNTT;Interurbano;N/A;18/7/2025
SANTIAGO;06:00AM / 06:00PM;7;ASOCIACION DE CHOFERES CAIMITO-YAQUE ABAJO SANTIAGO;200;MICROBÚS;0;SANTIAGO DE LOS CABALLEROS; EL CAIMITO- YAQUE ABAJO;CNTT;Interurbano;N/A;18/7/2025
SANTIAGO;06:30AM / 05:00PM;7;SINDICATO DE CHOFERES DE LA RUTA PA;45;CARROS;30;SANTIAGO DE LOS CABALLEROS; LA ORTEGA;CNTT;Interurbano;N/A;18/7/2025
SANTIAGO;06:00AM / 07:30PM;7;SINDICATO DE CHOFERES SANTIAGO - LAS PALOMAS;40;CARROS;15;SANTIAGO DE LOS CABALLEROS; LAS PALOMAS;CONATRA-A;Interurbano;N/A;18/7/2025
SANTIAGO;07:00AM / 06:00PM;7;SICHOPEGASA;100;MICROBÚS;9;SANTIAGO DE LOS CABALLEROS; PEDRO GARCÍA;CNTT;Interurbano;N/A;18/7/2025
SANTIAGO;07:00AM / 06:00PM;7;SICHOPEGASA;100;CAMIONETA;7;SANTIAGO DE LOS CABALLEROS; PEDRO GARCÍA;CNTT;Interurbano;N/A;18/7/2025
SANTIAGO;06:00AM / 07:00PM;7;SINCHODOMPE;50;MICROBÚS;23;SANTIAGO DE LOS CABALLEROS;"(POR LA CARRETERA
 DON BOSCO) - DON PEDRO";CONATRA-A;Interurbano;N/A;18/7/2025
SANTIAGO;06:00AM / 07:00PM;7;SINCHODOMPE;50;MICROBÚS;23;SANTIAGO DE LOS CABALLEROS;"(POR LA CARRETERA
 DUARTE)-DON PEDRO";CONATRA-A;Interurbano;N/A;18/7/2025
SANTIAGO;06:00AM / 03:00PM;7;ENTRARIOGRANDE S.R.L;170;MICROBÚS;16;SANTIAGO DE LOS CABALLEROS;ALTAMIRA- RIO GRANDE ;CNTT;Interurbano;N/A;18/7/2025
SANTIAGO;06:00AM / 03:00PM;7;ENTRARIOGRANDE S.R.L;170;CAMIONETA;5;SANTIAGO DE LOS CABALLEROS;ALTAMIRA- RIO GRANDE ;CNTT;Interurbano;N/A;18/7/2025
SANTIAGO;06:30AM / 02:00PM;7;ASOCHOJIGUA S.R.L.;100;CARROS;60;SANTIAGO DE LOS CABALLEROS;JINAMAGÁO-AMINA;FETRANRRENO;Interurbano;N/A;18/7/2025
SANTIAGO;04:00AM / 10:00PM;7;SICHOTAM;60;CARROS, MICROBUS;84;SANTIAGO DE LOS CABALLEROS;CANCA LA PIEDRA-TAMBORIL;CNTT;Interurbano;N/A;18/7/2025
SANTIAGO;05:00AM / 08:30PM;7;TRANSPORTE LINIERO, S.R.L.;400;MINIBÚS;87;SANTIAGO DE LOS CABALLEROS;DAJABON;CONATRA-A;Interurbano;N/A;18/7/2025
SANTIAGO;05:00AM / 09:00PM;7;SINCHULEY;50;MICROBÚS;58;SANTIAGO DE LOS CABALLEROS;LICEY AL MEDIO;CONATRA;Interurbano;N/A;18/7/2025
SANTIAGO;06:30AM / 02:00PM;7;AGUSTIN ELIGIO DE LOS ANGELES;50;MICROBÚS;1;SANTIAGO DE LOS CABALLEROS;LICEY AL MEDIO -MOCA;NO AFILIADO-S;Interurbano;N/A;18/7/2025
SANTIAGO;04:00AM / 10:00PM;7;"ASOCHOCO
COTRANS.S.R.L";35;MICROBÚS;39;SANTIAGO DE LOS CABALLEROS;LOS COCOS-SAN FRANCISCO DE JACAGUA;UNET;Interurbano;N/A;18/7/2025
SANTIAGO;07:00AM / 12:30PM;7;MARINO DEL CARMEN DURÁN BASILIO;300;MICROBÚS;1;SANTIAGO DE LOS CABALLEROS;PANANAO-EL RUBIO-SANTIAGO;CNTT;Interurbano;N/A;18/7/2025
SANTIAGO;06:00AM / 01:00PM;7; SERV. DE TAXI PUERTO PLATA;175;CARROS, MICROBUS;32;SANTIAGO DE LOS CABALLEROS;PUERTO PLATA;CNTT;Interurbano;N/A;18/7/2025
SANTIAGO;10:00AM / 01:00PM;7;ASOCHOTRASAPUNO;170;MICROBÚS;22;SANTIAGO DE LOS CABALLEROS;PUERTO PLATA;FETRANRRENO;Interurbano;N/A;18/7/2025
SANTIAGO;06:00am / 06:30pm;7;SICHOSANTO;70;CARROS;34;SANTIAGO DE LOS CABALLEROS;PUÑAL- LA TORRE;CNTT;Interurbano;N/A;18/7/2025
SANTIAGO;06:00AM / 06:00PM;7; SICHOPATROSAN;300;MICROBÚS;13;SANTIAGO DE LOS CABALLEROS;SANTO DOMINGO;CONATRA-A;Interurbano;N/A;18/7/2025
SANTIAGO;06:00AM / 06:00PM;7; SICHOPATROSAN;300;MINIBÚS;22;SANTIAGO DE LOS CABALLEROS;SANTO DOMINGO;CONATRA-A;Interurbano;N/A;18/7/2025
SANTIAGO;05:30AM / 06:00PM;7;CASIMIRO ANTONIO MARTE FAMILIA AETRABUS;310;AUTOBÚS;34;SANTIAGO DE LOS CABALLEROS;SANTO DOMINGO;CONATRA;Interurbano;N/A;18/7/2025
SANTIAGO;05:00AM / 06:30PM;7;TRANSPORTE ESPINAL SRL;300;AUTOBÚS;16;SANTIAGO DE LOS CABALLEROS;SANTO DOMINGO;NO AFILIADO-S;Interurbano;N/A;18/7/2025
SANTIAGO;05:00AM / 06:30PM;7;TRANSPORTE ESPINAL SRL ;300;AUTOBÚS;8;SANTIAGO DE LOS CABALLEROS (PLATINIUM);SANTO DOMINGO;CONATRA;Interurbano;N/A;18/7/2025
SANTIAGO;05:30AM / 06:00PM;7;AGRUPACION UNIFICADA DE CHOFERES.;40;MICROBÚS;40;SANTIAGO DE LOS CABALLEROS;VILLA BAO (HATO DEL YAQUE);CNTT;Interurbano;N/A;18/7/2025
SANTIAGO;05:30AM / 06:30PM;7;SINCHOMVILLA;60;MINIBÚS;18;VILLA GONZALEZ;SANTIAGO DE LOS CABALLEROS;CNTT;Interurbano;N/A;18/7/2025
SANTIAGO RODRIGUEZ;06:30AM / 03:00PM;7;TRANSP. YAGUAJAY, S.R.L.;275;MINIBÚS Y MICROBUS;1;SABANETA ;PARTIDO (POR LA GORRA);"CONATRA
(FERUTRACON)";Interurbano;N/A;18/7/2025
SANTIAGO RODRIGUEZ;06:30AM / 04:00PM;7;TRANSP. YAGUAJAY, S.R.L.;275;MINIBÚS;2;SABANETA ;MONTE CRISTI;"CONATRA
(FERUTRACON)";Interurbano;N/A;18/7/2025
SANTIAGO RODRIGUEZ;06:30AM / 03:00PM;7;TRANSP. YAGUAJAY, S.R.L.;150;MICROBUS;1;SABANETA ;LA LEONOR-MONCION ;"CONATRA
(FERUTRACON)";Interurbano;N/A;18/7/2025
SANTIAGO RODRIGUEZ;06:30AM / 06:00PM;7;TRANSP. YAGUAJAY, S.R.L.;150;MICROBUS;1;SABANETA ;CRECE LOS QUEMADOS-MONCIÓN;"CONATRA
(FERUTRACON)";Interurbano;N/A;18/7/2025
SANTIAGO RODRIGUEZ;04:50AM / 07:00PM;7;SICHOROLAPIPADA;200;MINIBÚS;30;SANTIAGO RODRIGUEZ;DAJABON;"CONATRA
(FERUTRACON)";Interurbano;N/A;18/7/2025
SANTIAGO RODRIGUEZ;05:40AM / 06:00PM;7;TRANSPORTE UTRASAR, SRL;300;MINIBÚS;7;SANTIAGO RODRIGUEZ;SANTIAGO DE LOS CABALLEROS;"CONATRA
(FERUTRACON)";Interurbano;N/A;2/10/2025
SANTIAGO RODRIGUEZ;06:40AM / 07:00PM;7;TRANSPORTE UTRASAR, SRL;300;AUTOBÚS;16;SANTIAGO RODRIGUEZ;SANTIAGO DE LOS CABALLEROS;"CONATRA
(FERUTRACON)";Interurbano;N/A;2/10/2025
SANTIAGO RODRIGUEZ;07:00AM / 03:00PM;7;HUNBERTO DE JESUS SERRATA;100;CAMIONETA;1;EL AGUACATE;SANTIAGO RODRIGUEZ;"CONATRA
(FERUTRACON)";Interurbano;N/A;18/7/2025
SANTIAGO RODRIGUEZ;07:00AM / 03:00PM;7;MIGUEL EMILIO RAMOS RODRIGUEZ;100;MINIBÚS;1;LA GORRA;SANTIAGO RODRIGUEZ;"CONATRA
(FERUTRACON)";Interurbano;N/A;18/7/2025
SANTIAGO RODRIGUEZ;07:00AM / 03:00PM;7;RAFAEL RODRIGUEZ;75;CAMIONETA;1;LA MAGUANITA;SANTIAGO RODRIGUEZ;"CONATRA
(FERUTRACON)";Interurbano;N/A;18/7/2025
SANTIAGO RODRIGUEZ;07:00AM / 12:00PM;7;VENTURA DE JESUS GOMEZ;100;CAMIONETA;1;RANCHO QUEMAO;SANTIAGO RODRIGUEZ;"CONATRA
(FERUTRACON)";Interurbano;N/A;18/7/2025
SANTIAGO RODRIGUEZ;07:00AM / 12:00PM;7; ADRIAN DE JESUS TINEO MENDOZA ;300;CAMIONETA;1;N/A ;LA CABILMA;"CONATRA
(FERUTRACON)";Interurbano;N/A;18/7/2025
SANTIAGO RODRIGUEZ;07:00AM / 12:00PM;7;EMILIO JOSE TORRES;100;CAMIONETA;1;SANTIAGO RODRIGUEZ;EL JOBO-PIEDRA BLANCA;"CONATRA
(FERUTRACON)";Interurbano;N/A;18/7/2025
SANTIAGO RODRIGUEZ;07:00AM / 12:00PM;7;JUAN MARCIAL VELEZ RODRIGUEZ;300;CAMIONETA;1;SANTIAGO RODRIGUEZ;VALLECITO;"CONATRA
(FERUTRACON)";Interurbano;N/A;18/7/2025
SANTIAGO RODRIGUEZ;07:00AM / 12:00PM;7;JUAN RAMON DURAN ROSARIO;300;CAMIONETA;1;SANTIAGO RODRIGUEZ;LA CABILMA;"CONATRA
(FERUTRACON)";Interurbano;N/A;18/7/2025
SANTIAGO RODRIGUEZ;07:00AM / 12:00PM;7;MANUEL ANTONIO TORRES;75;CAMIONETA;1;SANTIAGO RODRIGUEZ;CABILMITA LA MAGUANITA;"CONATRA
(FERUTRACON)";Interurbano;N/A;18/7/2025
SANTIAGO RODRIGUEZ;07:00AM / 12:00PM;7;SINCHOSROLAP;125;CAMIONETA;23; SANTIAGO RODRIGUEZ ; LA PIÑA ;"CONATRA
(FERUTRACON)";Interurbano;N/A;18/7/2025
SANTO DOMINGO ;05:30AM / 10:00PM;7;ASOCHOMBCA;100;MINIBÚS;66;BOCA CHICA;SANTO DOMINGO;UNET;Interurbano;N/A;18/7/2025
SANTO DOMINGO ;05:30AM / 10:00PM;7;SICHOPROBOCH S.R.L.;100;MINIBÚS;66;BOCA CHICA;SANTO DOMINGO;UNET;Interurbano;N/A;18/7/2025
SANTO DOMINGO ;06:00AM / 10:00PM;7;SICHOBOCHZA;100;MINIBÚS;8;BOCA CHICA;LOS LLANOS;MOCHOTRAN ;Interurbano;N/A;18/7/2025
SANTO DOMINGO ;06:00AM / 10:00PM;7;SICHOBOCHZA;100;MICROBÚS;41;BOCA CHICA;BATEY VICTORINA;MOCHOTRAN ;Interurbano;N/A;18/7/2025
SANTO DOMINGO ;06:00AM / 10:00PM;7;SICHOBOCHZA;50;CARROS;55;BOCA CHICA;BATEY GUOTIER;MOCHOTRAN ;Interurbano;N/A;18/7/2025
SANTO DOMINGO ;06:00AM / 10:00PM;7;ADUCHOTORO;75;MINIBÚS;20;EL TORO-CRUCE DE BOCA CHICA;SANTO DOMINGO;FENATRANO;Interurbano;N/A;18/7/2025
SANTO DOMINGO ;05:30AM / 10:00PM;7;SICHOG;75;MINIBÚS;55;SANTO DOMINGO ;GUERRA;FENATRANO;Interurbano;N/A;18/7/2025
SANTIAGO RODRIGUEZ;07:00AM / 12:00PM;7;JORGE FAUSTINO NUÑEZ GOMEZ;300;CAMIONETA;1;EL AGUACATE- LA LEONOR;SANTIAGO RODRIGUEZ;"CONATRA
(FERUTRACON)";Interurbano;N/A;18/7/2025
SANTIAGO RODRIGUEZ;07:00AM / 12:00PM;7;JOSE CELESTINO RODRIGUEZ;300;CAMIONETA;1;SANTIAGO RODRIGUEZ;LOMA DE COPEY;"CONATRA
(FERUTRACON)";Interurbano;N/A;18/7/2025
SANTIAGO RODRIGUEZ;07:00AM / 12:00PM;7;JOSE LUIS TORRES BAEZ;300;CAMIONETA;1;SANTIAGO RODRIGUEZ;BRAZO CHIQUITO;"CONATRA
(FERUTRACON)";Interurbano;N/A;18/7/2025
SANTIAGO RODRIGUEZ;07:00AM / 12:00PM;7;JUAN ANTONIO PERALTA TORRES;300;CAMIONETA;1;LA LEONOR;SANTIAGO RODRIGUEZ;"CONATRA
(FERUTRACON)";Interurbano;N/A;18/7/2025
SANTIAGO RODRIGUEZ;07:00AM / 12:00PM;7;JUAN ROBERTO TORRES DIAZ;300;CAMIONETA;1;SANTIAGO RODRIGUEZ;LA CABILMA;"CONATRA
(FERUTRACON)";Interurbano;N/A;18/7/2025
SANTIAGO RODRIGUEZ;07:00AM / 12:00PM;7;RAFAEL V. TORRES RODRIGUEZ;300;CAMIONETA;1;SANTIAGO RODRIGUEZ;PALMAREJO;"CONATRA
(FERUTRACON)";Interurbano;N/A;18/7/2025
SANTIAGO RODRIGUEZ;07:00AM / 12:00PM;7;RAMON ANTONIO TAVAREZ;300;CAMIONETA;1;SANTIAGO RODRIGUEZ;PIEDRA BLANCA;"CONATRA
(FERUTRACON)";Interurbano;N/A;18/7/2025
VALVERDE;05:30AM / 10:20PM;7;EXENASA S.R.L.;150;MINIBÚS;10;ESPERANZA;SANTIAGO DE LOS CABALLEROS;"CONATRA
(FERUTRACON)";Interurbano;N/A;18/7/2025
VALVERDE;05:30AM Y  05:00PM;6;EXPRESO BEJARÁN SRL;400;MINIBÚS;2;ESPERANZA;SANTO DOMINGO;INDEPENDIENTE;Interurbano;N/A;2/10/2025
VALVERDE;06:30AM / 07:15PM;7;ASOCHOTRAPUMARENO;150;MICROBÚS;18;MAO;LAS MATAS DE SANTA CRUZ;"CONATRA
(FERUTRACON)";Interurbano;N/A;18/7/2025
VALVERDE;06:00AM / 06:00PM;7;ASOCHOTRAPUEN;60;MICROBÚS;1;PARAJE ENTRADA DE MAO;MUNICIPIO MAO (CALLE BELLER);"CONATRA
(FERUTRACON)";Interurbano;N/A;18/7/2025
VALVERDE;07:00AM / 12:00PM;7;ASOCHOTRAPUEN;60;CAMIONETA;2;VALVERDE MAO;ENTRADA de MAO MUNICIPIO DE MAO(CALLE BELLER);"CONATRA
(FERUTRACON)";Interurbano;N/A;18/7/2025
VALVERDE;07:00AM / 12:00PM;7;ASOCHOTRAPUMARENO;100;MICROBÚS;10;VALVERDE MAO;MONCION;"CONATRA
(FERUTRACON)";Interurbano;N/A;18/7/2025
VALVERDE;07:00AM / 12:00PM;7;ASOCHOTRAPUMARENO;60;MICROBÚS;7;VALVERDE MAO;CANA CHAPETON;"CONATRA
(FERUTRACON)";Interurbano;N/A;18/7/2025
VALVERDE;07:00AM / 12:00PM;7;ASOCHOTRAPUMARENO;50;MICROBÚS;17;VALVERDE MAO;PUEBLO NUEVO;"CONATRA
(FERUTRACON)";Interurbano;N/A;18/7/2025
VALVERDE;05:00AM / 02:00PM;7;ROSARIO TOURS;500;MINIBÚS;2;VALVERDE MAO;SANTO DOMINGO;"CONATRA
(FERUTRACON)";Interurbano;N/A;18/7/2025
LA ROMANA;05:30AM / 07:00PM;7;ASODEMIPUR S EN C. X A;40;MICROBÚS;55;LA ROMANA;LAS CAOBAS;N/A;Interurbano;N/A;18/7/2025
LA ROMANA;05:30AM / 08:00PM;7;ASODEMIPUR S EN C. X A;40;MICROBÚS;49;LA ROMANA;PIEDRA LINDA;N/A;Interurbano;N/A;18/7/2025
LA ROMANA;05:30AM / 08:00PM;7;ASODEMIPUR S EN C. X A;40;MICROBÚS;49;ZONA FRANCA;LOS MULOS;N/A;Interurbano;N/A;18/7/2025
LA ROMANA;05:30AM / 08:00PM;7;ASODEMIPUR S EN C. X A;40;MICROBÚS;49;MERCADO VIEJO-LA ROMANA;LOS MAESTROS;N/A;Interurbano;N/A;18/7/2025
LA ROMANA;05:30AM / 08:00PM;7;ASODEMIPUR S EN C. X A;40;MICROBÚS;49;MERCADO VIEJO-LA ROMANA;LOS MULOS;N/A;Interurbano;N/A;18/7/2025
LA ROMANA;05:30AM / 08:00PM;7;ASODEMIPUR S EN C. X A;40;MICROBÚS;49;MERCADO VIEJO-LA ROMANA;VILLA PROGRESO;N/A;Interurbano;N/A;18/7/2025
LA ROMANA;05:30AM / 06:30PM;7;SITRAUR;40;MINIBÚS;72;LA ROMANA;VILLA HERMOSA;N/A;Interurbano;N/A;18/7/2025
SAN PEDRO DE MACORIS;06:00AM / 06:00PM;7;"CESAR CALCAÑO KELLY
SITRACAYA";70;MICROBÚS;0;CAYACOA;SAN PEDRO DE MACORIS;"CONATRA
(CONEMPTRARE)";Interurbano;N/A;18/7/2025
SAN PEDRO DE MACORIS;07:30AM / 06:30PM;7;"DEYBI MORDAN ALVARES
SIDATRUIR";50;MICROBÚS;0;SAN PEDRO DE MACORIS;RAMON SANTANA;"CONATRA
(CONEMPTRARE)";Interurbano;N/A;18/7/2025
SANTIAGO;08:00AM / 12:00PM;7;DILONE PAYAN;200;CAMIONETA;0;RINCON DE PIEDRA;SAN JOSÉ DE LAS MATAS;NO AFILIADO-S;Interurbano;N/A;18/7/2025
SANTIAGO;06:30AM / 02:00PM;7;FELIPE ANTONIO ADAMES ESPINAL;150;CAMIONETA;0;LA PIEDRA;SAN JOSÉ DE LAS MATAS;NO AFILIADO-S;Interurbano;N/A;18/7/2025
SANTIAGO;06:30AM / 02:00PM;7;JOSE ALTAGRACIA ABREU;200;CAMIONETA;0;LOS MONTONES;SANTIAGO DE LOS CABALLEROS;NO AFILIADO-S;Interurbano;N/A;18/7/2025
SANTIAGO;06:30AM / 02:00PM;7;"RAMÓN ANTONIO TORRES
JOSE LUIS DEL CARMEN GARCÍA ESTÉVEZ";350;CAMIONETA;0;LA PIEDRA;SANTIAGO DE LOS CABALLEROS;NO AFILIADO-S;Interurbano;N/A;18/7/2025
SAN JUAN;07:00AM / 05:00PM;7;"ANGEL ANT. SUSANA DE LEON
(INDIVIDUAL)";500;MINIBÚS;1;BOHECHIO;SANTO DOMINGO;NO AFILIADO-S;Interurbano;N/A;18/7/2025
SAN PEDRO DE MACORIS;06:00AM / 06:00PM;7;AMIN EMIGDIO SANTANA HIRU;60;MINIBÚS;1;SAN JOSE DE LOS LLANOS;INGENIO QUISQUEYA;"CONATRA
(CONEMPTRARE)";Interurbano;N/A;18/7/2025
SAN PEDRO DE MACORIS;06:00AM / 06:00PM;7;"JULIO CESAR CARRASCO ALONSO
SIDATRUIR";50;MICROBÚS;1;SAN PEDRO DE MACORIS;RAMON SANTANA;"CONATRA
(CONEMPTRARE)";Interurbano;N/A;18/7/2025
SANTIAGO;06:30AM / 02:00PM;7;ADOLFO DAVID ALMONTE UREÑA;300;MINIBÚS;1;JAMAMU;SANTIAGO DE LOS CABALLEROS;NO AFILIADO-S;Interurbano;N/A;18/7/2025
SANTIAGO;06:30AM / 02:00PM;7;ASOCIACION DE CHOFERES DE LA NORIEGA;45;CAMIONETA;1;CRUCE DE LOPEZ;PARADA DE BAITOA;NO AFILIADO-S;Interurbano;N/A;18/7/2025
SANTIAGO;06:30AM / 02:00PM;7;"LORENZO ANTONIO ORTIZ 
JOSÉ ALBERTO HERNÁNDEZ TAVARES";250;MINIBÚS;1;EL CARRIZAL;SANTIAGO DE LOS CABALLEROS;NO AFILIADO-S;Interurbano;N/A;18/7/2025
SANTIAGO;06:30AM / 02:00PM;7;SICHOJUNCA;250;CAMIONETA;1;NARANJO DULCE - SANTIAGO;SANTIAGO DE LOS CABALLEROS;NO AFILIADO-S;Interurbano;N/A;18/7/2025
SANTIAGO;06:00AM / 07:30PM;7;SINDICATO DE CHOFERES SANTIAGO - LAS PALOMAS;40;CARROS;10;SANTIAGO DE LOS CABALLEROS;LOS ARIAS;NO AFILIADO-S;Interurbano;N/A;18/7/2025
VALVERDE;05:00AM / 02:00PM;7;"TRANSPORTE QUIÑONES
TRANSPORTE JOSÉ CASTELLÁN";500;AUTOBÚS;1;VALVERDE MAO;SANTO DOMINGO;"CONATRA
(FERUTRACON)";Interurbano;N/A;18/7/2025
VALVERDE;06:00AM / 06:00PM;7;ASOCHOTRAPUMABOGUA;60;MICROBÚS;12;VALVERDE MAO - AMINA;GUATAPANAL;"CONATRA
(FERUTRACON)";Interurbano;N/A;18/7/2025
VALVERDE;05:00AM / 01:00PM;7;"FRANCISCO ANTONIO SANTANA
ERLING ALBERTO GOMEZ RODRIGUEZ ";500;MINIBÚS;1;VALVERDE MAO - AMINA;SANTO DOMINGO;"CONATRA
(FERUTRACON)";Interurbano;N/A;18/7/2025
VALVERDE;06:00AM / 07:00PM;7;SICHOMAJA;100;MICROBÚS;27;VALVERDE MAO - GUAYACANES;JAIBON;"CONATRA
(FERUTRACON)";Interurbano;N/A;18/7/2025
VALVERDE;05:30AM / 10:20PM;7;EMPRESA BELLO ATARDECER S.R.L.;175;MINIBÚS;67;VALVERDE MAO-ESPERANZA;SANTIAGO DE LOS CABALLEROS;"CONATRA
(FERUTRACON)";Interurbano;N/A;18/7/2025
VALVERDE;06:00AM / 09:00PM;7;SINDICATO DE CHOFERES ESPERANZEÑOS;50;CARROS;42;VALVERDE MAO-ESPERANZA;GAYACANES;"CONATRA
(FERUTRACON)";Interurbano;N/A;18/7/2025
VALVERDE;05:00AM / 01:00PM;7;CARLOS JUAN RODRIGUEZ MADERA;500;MICROBÚS;2;VALVERDE MAO;SANTO DOMINGO;"CONATRA
(FERUTRACON)";Interurbano;N/A;18/7/2025
LA ROMANA;05:30AM / 06:30PM;7;SITRAHIR;265;AUTOBÚS;18;LA ROMANA;BAVARO;"CONATRA
(CONEMTRARE)";Interurbano;N/A;18/7/2025
AZUA;06:00AM / 06:00PM;7;THREE A TRANSPORTE, SRL;149,00;MINIBUS;1;PERALTA;SANTO DOMINGO;NO AFILIADO-S;Interurbano;N/A;18/7/2025
DISTRITO NACIONAL;04:50AM / 07:00PM;7;TRASPORTE RAMOS MERCADO, S.R.L;500;AUTOBÚS;2;SANTO DOMINGO;CABARETE;NO AFILIADO-S;Interurbano;N/A;18/7/2025
SANTIAGO RODRIGUEZ;03:00AM / 03:00PM;7;ARCADIO DE JESUS RODRIGUEZ;600;MINIBÚS;2;MONCION;SANTO DOMINGO;"CONATRA
(FERUTRACON)";Interurbano;N/A;14/10/2025
VALVERDE;05:00AM / 02:00PM;7;DOMINGA PICHARDO RODRIGUEZ;500;MINIBÚS;1;VALVERDE MAO;SANTO DOMINGO;"CONATRA
(FERUTRACON)";Interurbano;N/A;13/10/2025
VALVERDE;05:00AM / 02:00PM;7;" 
JOSE MANUEL BRITO ROSARIO ";500;MINIBÚS;1; VALVERDE MAO ;SANTO DOMINGO;"CONATRA
(FERUTRACON)";Interurbano;N/A;13/10/2025
SANTIAGO RODRIGUEZ;07:00AM / 12:00PM;7;JUAN OMAR MADERA;250;MINIBÚS;1;MONCION ;SANTIAGO DE LOS CABALLEROS;"CONATRA
(FERUTRACON)";Interurbano;N/A;14/10/2025
SAMANA;04:00AM / 05:00PM;7;SERVICIOS DE TRANSPORTE MULTIPLESS SANTA BARBARA SAMANA,S.A.S (SETRAMUSA);400;MINIBÚS;2;EL LIMON ;SANTO DOMINGO;FENATRANO-A;Interurbano;N/A;15/10/2025
SAMANA;04:00AM / 05:00PM;7;SERVICIOS DE TRANSPORTE MULTIPLESS SANTA BARBARA SAMANA,S.A.S (SETRAMUSA);500;AUTOBÚS;0;EL LIMON ;SANTO DOMINGO;FENATRANO-A;Interurbano;N/A;15/10/2025
SAMANA;05:00AM / 04:00PM;7;SERVICIOS DE TRANSPORTE MULTIPLESS SANTA BARBARA SAMANA,S.A.S (SETRAMUSA);400;AUTOBÚS,MINIBUS;2;LAS TERRENAS - POR EL BOULEVAR TURISTICO DEL ATLANTICO);SANTO DOMINGO;FENATRANO-A;Interurbano;N/A;15/10/2025
SAMANA;05:00AM / 04:00PM;7;SERVICIOS DE TRANSPORTE MULTIPLESS SANTA BARBARA SAMANA,S.A.S (SETRAMUSA);400;MINIBÚS;1;"LAS TERRENAS
(CARRET. SANCHEZ)";SANTO DOMINGO;FENATRANO-A;Interurbano;N/A;15/10/2025
SAMANA;05:00AM / 04:00PM;7;SERVICIOS DE TRANSPORTE MULTIPLESS SANTA BARBARA SAMANA,S.A.S (SETRAMUSA);400;MINIBÚS;1;LAS TERRERNAS - SAMANA;SANTO DOMINGO;FENATRANO;Interurbano;N/A;15/10/2025
BARAHONA;07:00AM / 05:00PM;7;EMPRESA DE TRANSPORTE ASOCHODEFU S.R.L.;100;MICROBÚS;10;SANTA CRUZ DE BARAHONA;FUNDACION;CONATRA;Interurbano;N/A;15/10/2025
